proy.id,predio,localidad,rodal,conglomerado,huso,datum,x.utm,y.utm,parc,cuadrante,narb,esp,dens,dap,htot,hcc,dw.bark,dwe.tr.nobark,dw.stem,dw.branches,dw.leaves,dw.total,gw.bark,gw.stem,gw.branches,gw.leaves,gw.total,coef.redu.bark,coef.redu.stem,coef.redu.branches,coef.redu.leaves,coef.redu.total,p.dw.bark,p.dw.stem,p.dw.branches,p.dw.leaves,p.dw.total,wd
54,boquial,,,,18,WGS84,688965.1,5503247.8,,,3,nob,461.4,9.1,11.45,3.6,,,21.42275769,5.033222505,0.588563841,27.04454403,,,,,,,,,,,,79.21286327,18.61086103,2.176275703,100,
54,boquial,,,,18,WGS84,688965.1,5503247.8,,,8,nob,461.4,11.4,16.68,8.4,,,51.56284121,1.729602205,0.445916539,53.73835995,,,,,,,,,,,,95.95164656,3.218561575,0.829791865,100,
54,boquial,,,,18,WGS84,688965.1,5503247.8,,,9,nob,461.4,12.6,17.21,11.65,,,48.38544418,2.449731313,0.202741579,51.03791708,,,,,,,,,,,,94.80293663,4.799826195,0.397237173,100,
54,boquial,,,,18,WGS84,688965.1,5503247.8,,,39,nob,461.4,20.1,25.95,14,,,205.5502566,12.69978978,0.36971679,218.6197632,,,,,,,,,,,,94.0218092,5.809076728,0.169114075,100,
54,boquial,,,,18,WGS84,688965.1,5503247.8,,,44,nob,461.4,27.8,29.43,15,,,413.675292,46.46782932,3.236080022,463.3792013,,,,,,,,,,,,89.27359942,10.02803518,0.698365402,100,
54,boquial,,,,18,WGS84,688965.1,5503247.8,,,45,nob,461.4,11,15.68,8.8,,,41.08499735,3.163917366,0.752016682,45.00093139,,,,,,,,,,,,91.29810445,7.030781959,1.671113594,100,
54,boquial,,,,18,WGS84,688965.1,5503247.8,,,47,nob,461.4,17.3,22.12,11.3,,,79.787393,2.103654063,0.37899751,82.27004458,,,,,,,,,,,,96.98231405,2.557010968,0.460674979,100,
54,boquial,,,,18,WGS84,688965.1,5503247.8,,,48,nob,461.4,25.7,27.07,13.3,,,309.853825,49.9901533,3.162544138,363.0065224,,,,,,,,,,,,85.35764672,13.77114465,0.871208626,100,
54,boquial,,,,18,WGS84,688965.1,5503247.8,,,8,nob,461.4,27,29.43,11.9,,,398.0091245,49.74712825,1.467100046,449.2233528,,,,,,,,,,,,88.59938425,11.07402987,0.326585881,100,
54,boquial,,,,18,WGS84,688965.1,5503247.8,,,9,nob,461.4,13.5,16.57,6.8,,,54.9212489,8.139940366,0.779899214,63.84108848,,,,,,,,,,,,86.02805843,12.75031576,1.22162581,100,
54,boquial,,,,18,WGS84,688965.1,5503247.8,,,22,nob,461.4,8.4,13.66,7.4,,,21.00568337,1.302719786,0.260293926,22.56869709,,,,,,,,,,,,93.0744176,5.772241886,1.153340511,100,
54,boquial,,,,18,WGS84,688965.1,5503247.8,,,31,nob,461.4,5.5,10.35,4.8,,,6.678539132,0.663744303,0.154477533,7.496760968,,,,,,,,,,,,89.08566193,8.853747713,2.060590352,100,
54,boquial,,,,18,WGS84,688965.1,5503247.8,,,32,nob,461.4,17.2,20.65,7.9,,,125.512435,10.94763443,1.101824068,137.5618935,,,,,,,,,,,,91.24070032,7.958333627,0.800966052,100,
54,boquial,,,,18,WGS84,688965.1,5503247.8,,,36,nob,461.4,24.6,25.88,15.1,,,323.9025674,33.51170873,2.869459553,360.2837357,,,,,,,,,,,,89.90207864,9.301476979,0.796444377,100,
54,boquial,,,,18,WGS84,688965.1,5503247.8,,,37,nob,461.4,17.8,21.12,14.4,,,123.9522365,11.34017431,1.468967792,136.7613786,,,,,,,,,,,,90.63394781,8.291942085,1.074110108,100,
54,boquial,,,,18,WGS84,688965.1,5503247.8,,,41,nob,461.4,25.8,28.86,17.7,,,250.0909257,35.54198905,2.543173222,288.176088,,,,,,,,,,,,86.78406576,12.33342756,0.882506678,100,
54,boquial,,,,18,WGS84,688965.1,5503247.8,,,2,nob,461.4,7.4,10.55,4.5,,,12.48357842,1.70597384,0.251451634,14.44100389,,,,,,,,,,,,86.44536427,11.81340198,1.741233751,100,
54,boquial,,,,18,WGS84,688965.1,5503247.8,,,21,nob,461.4,23,21.42,11.1,,,181.1220723,27.94378489,0.828040992,209.8938982,,,,,,,,,,,,86.29220471,13.31329073,0.394504557,100,
54,boquial,,,,18,WGS84,688965.1,5503247.8,,,30,nob,461.4,10.3,14,8.5,,,26.14305802,1.11622129,0.215646228,27.47492554,,,,,,,,,,,,95.15242538,4.062690865,0.784883759,100,
54,boquial,,,,18,WGS84,688965.1,5503247.8,,,32,nob,461.4,7.4,10.75,2.55,,,10.98002541,1.098171066,0.261343945,12.33954042,,,,,,,,,,,,88.9824502,8.899610751,2.117939045,100,
54,boquial,,,,18,WGS84,688965.1,5503247.8,,,2,lp,,37.6,22.5,9.1,,,515.6060797,77.04461939,39.54945559,632.2001547,,,,,,,,,,,,81.55741119,12.18674479,6.255844023,100,
54,boquial,,,,18,WGS84,688965.1,5503247.8,,,12,lp,,59.6,29.03,6.2,,,1822.145711,162.981178,54.80310185,2039.929991,,,,,,,,,,,,89.32393362,7.989547618,2.686518758,100,
54,boquial,,,,18,WGS84,688965.1,5503247.8,,,18,lp,,59.4,27.75,11.1,,,1515.034297,226.5959844,83.57780309,1825.208084,,,,,,,,,,,,83.00611365,12.4148028,4.579083547,100,
54,boquial,,,,18,WGS84,688965.1,5503247.8,,,12,lp,,37,22.1,12.5,,,435.8780015,61.22977666,21.94721891,519.0549971,,,,,,,,,,,,83.97530203,11.7963948,4.228303173,100,
54,boquial,,,,18,WGS84,688965.1,5503247.8,,,5,ec,,60,29.7,13.3,,,1774.4559,116.1440864,51.55317911,1942.153165,,,,,,,,,,,,91.36539442,5.980171313,2.654434266,100,
54,boquial,,,,18,WGS84,688965.1,5503247.8,,,57,ec,,63.7,24.29,8.8,,,2153.045528,389.7489011,116.4489989,2659.243428,,,,,,,,,,,,80.9645896,14.65638298,4.379027422,100,
54,buenaventura,,,,18,WGS84,658342,5590953.5,,,2,lp,,27.1,15.4,8.2,,,174.6194177,45.1484842,17.82445665,237.5923586,,,,,,,,,,,,73.49538461,19.00249843,7.502116967,100,
54,buenaventura,,,,18,WGS84,658342,5590953.5,,,3,lp,,15.5,7.32,2.2,,,32.67509639,4.711924006,1.953038575,39.34005898,,,,,,,,,,,,83.05807679,11.97741978,4.964503425,100,
54,buenaventura,,,,18,WGS84,658342,5590953.5,,,4,lp,,26.6,15.98,7.7,,,192.853886,24.42466542,10.64695188,227.9255033,,,,,,,,,,,,84.61268406,10.71607392,4.671242015,100,
54,buenaventura,,,,18,WGS84,658342,5590953.5,,,15,lp,,11.9,10.76,3.85,,,35.72715144,7.288966458,5.555075002,48.5711929,,,,,,,,,,,,73.55625692,15.00676846,11.43697461,100,
54,buenaventura,,,,18,WGS84,658342,5590953.5,,,22,lp,,12.5,10.78,5.35,,,30.18407893,11.31871886,6.274751817,47.77754961,,,,,,,,,,,,63.17628087,23.69045494,13.1332642,100,
54,buenaventura,,,,18,WGS84,658342,5590953.5,,,26,lp,,7.3,8.18,2.1,,,10.32716503,2.774942797,2.812375996,15.91448383,,,,,,,,,,,,64.8916116,17.43658687,17.67180153,100,
54,buenaventura,,,,18,WGS84,658342,5590953.5,,,3,lp,,24.1,16.85,6.15,,,150.7731648,19.4024131,10.48836481,180.6639427,,,,,,,,,,,,83.45503953,10.73950497,5.805455506,100,
54,buenaventura,,,,18,WGS84,658342,5590953.5,,,45,lp,,21.8,16,9.75,,,125.8753146,15.31589225,8.610038565,149.8012454,,,,,,,,,,,,84.02821636,10.22414213,5.74764151,100,
54,buenaventura,,,,18,WGS84,658342,5590953.5,,,26,lp,,8.4,9.78,2.4,,,12.8922223,2.106787547,1.876393451,16.8754033,,,,,,,,,,,,76.39652856,12.48436858,11.11910286,100,
54,buenaventura,,,,18,WGS84,658342,5590953.5,,,37,lp,,10.5,11.48,3.4,,,15.20899993,3.682410535,2.251393286,21.14280375,,,,,,,,,,,,71.93464079,17.41685057,10.64850865,100,
54,buenaventura,,,,18,WGS84,658342,5590953.5,,,35,lp,,9.4,8.7,2,,,12.59162431,5.137209327,3.634176185,21.36300982,,,,,,,,,,,,58.94124664,24.04721699,17.01153637,100,
54,buenaventura,,,,18,WGS84,658342,5590953.5,,,31,lp,,24.1,14.97,3.7,,,145.0572588,42.44371699,13.33755929,200.838535,,,,,,,,,,,,72.22581002,21.13325363,6.640936355,100,
54,buenaventura,,,,18,WGS84,658342,5590953.5,,,98,lp,,31.8,17.14,7.8,,,242.3062787,47.63664784,16.26809448,306.211021,,,,,,,,,,,,79.13048913,15.55680383,5.312707042,100,
54,buenaventura,,,,18,WGS84,658342,5590953.5,,,29,ec,,23.6,16.14,6.85,,,206.1218374,33.73833476,15.31803628,255.1782084,,,,,,,,,,,,80.77564251,13.22147959,6.0028779,100,
54,buenaventura,,,,18,WGS84,658342,5590953.5,,,41,ec,,28.4,18.75,9.3,,,301.850365,47.44441825,13.96263005,363.2574133,,,,,,,,,,,,83.09544526,13.06082588,3.843728864,100,
54,buenaventura,,,,18,WGS84,658342,5590953.5,,,44,ec,,17.1,18.43,14.3,,,106.7073918,4.920571569,1.498733433,113.1266968,,,,,,,,,,,,94.32556135,4.349611285,1.324827362,100,
54,buenaventura,,,,18,WGS84,658342,5590953.5,,,45,ec,,18,18.1,10.2,,,126.3595759,9.151067676,2.796862707,138.3075063,,,,,,,,,,,,91.36132904,6.616464949,2.022206011,100,
54,buenaventura,,,,18,WGS84,658342,5590953.5,,,49,ec,,42,18.8,11.7,,,845.1985498,101.7627888,43.52730989,990.4886485,,,,,,,,,,,,85.33147261,10.2739985,4.394528899,100,
54,buenaventura,,,,18,WGS84,658342,5590953.5,,,16,ec,,14.3,14.4,7.1,,,94.86503802,10.78813947,7.283577941,112.9367554,,,,,,,,,,,,83.99837383,9.552372411,6.449253755,100,
54,buenaventura,,,,18,WGS84,658342,5590953.5,,,27,ec,,20.3,16.55,10.25,,,155.0445643,14.18645925,11.44218774,180.6732113,,,,,,,,,,,,85.81491589,7.851999279,6.333084831,100,
54,buenaventura,,,,18,WGS84,658342,5590953.5,,,30,ec,,13.8,13.2,6.9,,,46.56154827,11.39313981,3.248398484,61.20308656,,,,,,,,,,,,76.07712435,18.61530267,5.307572978,100,
54,buenaventura,,,,18,WGS84,658342,5590953.5,,,31,ec,,31.8,17.03,6.3,,,381.4440195,88.06756762,38.43456293,507.94615,,,,,,,,,,,,75.09536581,17.33797325,7.566660941,100,
54,buenaventura,,,,18,WGS84,658342,5590953.5,,,66,ec,,7.2,13.5,9.45,,,17.46040754,1.928222407,0.878645637,20.26727558,,,,,,,,,,,,86.15073826,9.51396945,4.335292295,100,
54,buenaventura,,,,18,WGS84,658342,5590953.5,,,5,ec,,36.9,17.81,6.5,,,390.0919957,84.58262925,28.11883021,502.7934551,,,,,,,,,,,,77.58493904,16.82253983,5.592521128,100,
54,buenaventura,,,,18,WGS84,658342,5590953.5,,,16,ec,,38,15.98,4.15,,,521.5187625,124.856056,47.52061021,693.8954287,,,,,,,,,,,,75.15812051,17.99349741,6.848382082,100,
54,buenaventura,,,,18,WGS84,658342,5590953.5,,,40,ec,,30.2,16.8,8.4,,,299.4414694,44.84012432,26.4621844,370.7437781,,,,,,,,,,,,80.7677666,12.09463974,7.137593661,100,
54,buenaventura,,,,18,WGS84,658342,5590953.5,,,30,ec,,21.4,15.4,7.7,,,128.0122727,17.59491513,5.681446294,151.2886341,,,,,,,,,,,,84.61460006,11.63003106,3.755368886,100,
54,buenaventura,,,,18,WGS84,658342,5590953.5,,,31,ec,,15.5,14.73,9.7,,,115.4363524,8.228217846,1.4158306,125.0804009,,,,,,,,,,,,92.28972055,6.57834304,1.131936411,100,
54,buenaventura,,,,18,WGS84,658342,5590953.5,,,67,ec,,23.3,15.02,10.9,,,194.1108412,13.37648,7.17972,214.6670412,,,,,,,,,,,,90.42414714,6.231268631,3.344584227,100,
54,buenaventura,,,,18,WGS84,658342,5590953.5,,,29,ec,,5.2,10.14,5.1,,,10.12051805,0.839211334,1.550796889,12.51052627,,,,,,,,,,,,80.8960217,6.708041822,12.39593647,100,
54,buenaventura,,,,18,WGS84,658342,5590953.5,,,32,ec,,8.2,12.17,7.3,,,23.13818722,4.555948048,2.090072242,29.78420751,,,,,,,,,,,,77.68609325,15.29652265,7.017384098,100,
54,buenaventura,,,,18,WGS84,658342,5590953.5,,,46,ec,,27,17.6,11.7,,,345.9618596,37.3431926,17.54754615,400.8525984,,,,,,,,,,,,86.30650295,9.31594126,4.377555795,100,
54,buenaventura,,,,18,WGS84,658342,5590953.5,,,94,ec,,13.4,14.54,10.4,,,53.89450561,3.948399774,2.980669828,60.82357521,,,,,,,,,,,,88.60792122,6.491561472,4.900517304,100,
54,buenaventura,,,,18,WGS84,658342,5590953.5,,,20,ec,,13.8,13.99,8.6,,,82.13008917,10.96288394,5.096366996,98.1893401,,,,,,,,,,,,83.64460855,11.16504493,5.190346519,100,
54,buenaventura,,,,18,WGS84,658342,5590953.5,,,103,ec,,26.6,16.3,8,,,236.3372282,26.50526206,14.53957282,277.3820631,,,,,,,,,,,,85.20277972,9.555506857,5.241713419,100,
54,buenaventura,,,,18,WGS84,658342,5590953.5,,,104,ec,,26.4,15.8,9.45,,,255.6358601,23.18367398,16.27719592,295.09673,,,,,,,,,,,,86.62781864,7.856296471,5.515884885,100,
54,buenaventura,,,,18,WGS84,658342,5590953.5,,,11,ec,,51,20.66,8,,,1173.081093,221.5294202,69.21075372,1463.821267,,,,,,,,,,,,80.13827367,15.1336386,4.728087731,100,
54,buenaventura,,,,18,WGS84,658342,5590953.5,,,26,ec,,31.6,18.94,10.55,,,441.7944214,63.11999621,23.9461427,528.8605604,,,,,,,,,,,,83.53703312,11.93509234,4.527874547,100,
54,buenaventura,,,,18,WGS84,658342,5590953.5,,,36,ec,,16.7,12.1,4.5,,,62.81539388,14.07031011,7.584057997,84.46976199,,,,,,,,,,,,74.36435525,16.65721529,8.978429462,100,
54,buenaventura,,,,18,WGS84,658342,5590953.5,,,11,ec,,7.5,10.24,6,,,12.91153608,1.769427448,0.915921721,15.59688525,,,,,,,,,,,,82.78278563,11.34474877,5.872465598,100,
54,buenaventura,,,,18,WGS84,658342,5590953.5,,,19,ec,,8.5,12.25,7.9,,,19.32843668,1.761479856,1.223802294,22.31371883,,,,,,,,,,,,86.62131502,7.894156366,5.484528613,100,
54,buenaventura,,,,18,WGS84,658342,5590953.5,,,41,ec,,9.8,13.5,6.1,,,25.52911265,5.483629394,2.536087058,33.5488291,,,,,,,,,,,,76.09539091,16.34521842,7.559390673,100,
54,buenaventura,,,,18,WGS84,658342,5590953.5,,,42,ec,,23.1,19.75,9.35,,,265.2035968,34.37120924,15.93553679,315.5103428,,,,,,,,,,,,84.05543679,10.89384549,5.05071772,100,
54,buenaventura,,,,18,WGS84,658342,5590953.5,,,47,ec,,17,16.92,6.8,,,127.6705047,22.55440541,9.99592698,160.2208371,,,,,,,,,,,,79.68408293,14.07707376,6.238843312,100,
54,buenaventura,,,,18,WGS84,658342,5590953.5,,,62,ga,,26.5,15.8,7.6,,,186.1718865,25.7800211,8.283781593,220.2356892,,,,,,,,,,,,84.53302332,11.70565098,3.761325707,100,
54,buenaventura,,,,18,WGS84,658342,5590953.5,,,20,ga,,21.6,16.5,9.2,,,149.2841508,34.29877453,4.33349093,187.9164163,,,,,,,,,,,,79.44178257,18.2521438,2.306073634,100,
54,buenaventura,,,,18,WGS84,658342,5590953.5,,,24,ga,,20.3,16.66,8.7,,,93.96041128,30.74928821,2.289955197,126.9996547,,,,,,,,,,,,73.98477697,24.2121038,1.803119231,100,
54,buenaventura,,,,18,WGS84,658342,5590953.5,,,52,ga,,9.9,12.4,6.5,,,21.41151351,3.982204095,0.847332925,26.24105053,,,,,,,,,,,,81.59548904,15.17547512,3.229035834,100,
54,buenaventura,,,,18,WGS84,658342,5590953.5,,,53,ga,,24,18.02,9,,,148.7241707,31.43702515,3.696376391,183.8575722,,,,,,,,,,,,80.89096842,17.09857515,2.010456435,100,
54,buenaventura,,,,18,WGS84,658342,5590953.5,,,75,ga,,18.9,12.03,5,,,62.93873723,9.977574235,1.315186343,74.23149781,,,,,,,,,,,,84.78710398,13.44115979,1.771736233,100,
54,buenaventura,,,,18,WGS84,658342,5590953.5,,,81,ga,,13.7,10.69,6.4,,,34.61082401,6.160633408,2.775495725,43.54695314,,,,,,,,,,,,79.47932406,14.14710551,6.373570423,100,
54,buenaventura,,,,18,WGS84,658342,5590953.5,,,95,ga,,15.3,10.35,3.5,,,35.80833009,14.6431957,1.886133273,52.33765906,,,,,,,,,,,,68.41790545,27.97831611,3.603778439,100,
54,buenaventura,,,,18,WGS84,658342,5590953.5,,,5,ga,,8.3,11.7,3,,,14.6357471,3.063656122,1.095563821,18.79496705,,,,,,,,,,,,77.87056538,16.30040699,5.829027625,100,
54,buenaventura,,,,18,WGS84,658342,5590953.5,,,44,ga,,6.1,8.74,5.1,,,6.06747383,0.515936583,0.233883209,6.817293623,,,,,,,,,,,,89.00121024,7.568055771,3.430733987,100,
54,buenaventura,,,,18,WGS84,658342,5590953.5,,,53,ga,,7.2,10.03,3.55,,,12.60290934,1.38127548,0.567069271,14.55125409,,,,,,,,,,,,86.6104685,9.492484093,3.897047412,100,
54,buenaventura,,,,18,WGS84,658342,5590953.5,,,1,ga,,14.2,12.3,7.35,,,45.54591299,7.623642488,1.579576875,54.74913235,,,,,,,,,,,,83.19020052,13.92468184,2.88511764,100,
54,buenaventura,,,,18,WGS84,658342,5590953.5,,,2,ga,,17.8,12.75,3.8,,,65.43235471,20.30026784,1.65054485,87.3831674,,,,,,,,,,,,74.87981571,23.23132525,1.888859032,100,
54,buenaventura,,,,18,WGS84,658342,5590953.5,,,3,ga,,15.2,14.03,2.4,,,61.3414918,11.68811573,2.212896389,75.24250392,,,,,,,,,,,,81.5250538,15.53392713,2.941019069,100,
54,buenaventura,,,,18,WGS84,658342,5590953.5,,,4,ga,,10.1,12.65,4,,,29.766408,6.260617163,1.80535779,37.83238296,,,,,,,,,,,,78.67970685,16.54830247,4.771990685,100,
54,buenaventura,,,,18,WGS84,658342,5590953.5,,,5,ga,,16.7,13.5,7.6,,,75.05069664,13.4544561,3.143326532,91.64847927,,,,,,,,,,,,81.88973482,14.6805012,3.429763981,100,
54,buenaventura,,,,18,WGS84,658342,5590953.5,,,6,ga,,15.2,12.05,7.4,,,52.98127129,10.95662377,1.436840223,65.37473529,,,,,,,,,,,,81.04242573,16.75972182,2.197852453,100,
54,buenaventura,,,,18,WGS84,658342,5590953.5,,,7,ga,,7.2,11.95,3.5,,,14.37210699,5.268346668,0.949894239,20.59034789,,,,,,,,,,,,69.80021445,25.58648691,4.613298639,100,
54,buenaventura,,,,18,WGS84,658342,5590953.5,,,8,ga,,20.4,13.25,7.1,,,87.75131421,10.48889436,1.839448763,100.0796573,,,,,,,,,,,,87.68146949,10.48054584,1.837984674,100,
54,buenaventura,,,,18,WGS84,658342,5590953.5,,,9,ga,,12.5,12.35,6.4,,,42.20726703,5.398744447,2.212071823,49.8180833,,,,,,,,,,,,84.72278385,10.83691722,4.440298937,100,
54,buenaventura,,,,18,WGS84,658342,5590953.5,,,10,ga,,8,11.65,3.15,,,17.64420298,9.658409058,1.130740619,28.43335266,,,,,,,,,,,,62.05459902,33.96859025,3.976810728,100,
54,buenaventura,,,,18,WGS84,658342,5590953.5,,,11,ga,,12,12.7,5.3,,,31.6723921,8.629120618,1.116318002,41.41783072,,,,,,,,,,,,76.47042723,20.83431331,2.695259463,100,
54,buenaventura,,,,18,WGS84,658342,5590953.5,,,12,ga,,7,9.25,3.7,,,12.96031736,2.229880335,0.585865243,15.77606294,,,,,,,,,,,,82.15178534,14.13458062,3.713634036,100,
54,buenaventura,,,,18,WGS84,658342,5590953.5,,,13,ga,,7.2,10.9,7.3,,,16.29868313,2.44251908,0.719674363,19.46087657,,,,,,,,,,,,83.75102257,12.55092015,3.69805728,100,
54,buenaventura,,,,18,WGS84,658342,5590953.5,,,14,ga,,6.2,9.7,4.35,,,8.842018573,1.836451637,0.587658078,11.26612829,,,,,,,,,,,,78.48320512,16.30064553,5.216149352,100,
54,buenaventura,,,,18,WGS84,658342,5590953.5,,,15,ga,,25.9,16.5,7.4,,,193.2806499,37.84782035,9.442630023,240.5711003,,,,,,,,,,,,80.34242255,15.73248836,3.925089094,100,
54,buenaventura,,,,18,WGS84,658342,5590953.5,,,16,ga,,13,13.72,7.7,,,52.50817463,6.689570681,1.461640861,60.65938617,,,,,,,,,,,,86.56232439,11.02808832,2.409587292,100,
54,buenaventura,,,,18,WGS84,658342,5590953.5,,,17,ga,,19.2,14.2,7.8,,,92.75575901,14.32682764,3.383762456,110.4663491,,,,,,,,,,,,83.96743421,12.96940449,3.063161301,100,
54,buenaventura,,,,18,WGS84,658342,5590953.5,,,18,ga,,10,11.78,6.6,,,29.67428197,3.185526651,0.254598764,33.11440738,,,,,,,,,,,,89.61139369,9.619760409,0.768845901,100,
54,buenaventura,,,,18,WGS84,658342,5590953.5,,,19,ga,,15.7,13.4,4.3,,,50.59667662,11.08528899,2.282821845,63.96478745,,,,,,,,,,,,79.10082818,17.33029911,3.568872712,100,
54,chaihuin,,,,18,WGS84,628104.4,5574865.2,,,0,nn,,47.25,23.86,16,,,1268.430956,182.0320158,52.18093561,1502.643907,,,,,,,,,,,,84.41327647,12.11411532,3.472608205,100,
54,chaihuin,,,,18,WGS84,628104.4,5574865.2,,,6,nn,,18.05,17.66,10.9,,,151.0543846,16.40958548,5.120170067,172.5841401,,,,,,,,,,,,87.52506717,9.508165393,2.966767435,100,
54,chaihuin,,,,18,WGS84,628104.4,5574865.2,,,18,nn,,36.3,21,12.5,,,574.0671759,60.25125775,13.38023631,647.69867,,,,,,,,,,,,88.63182874,9.302359345,2.065811917,100,
54,chaihuin,,,,18,WGS84,628104.4,5574865.2,,,42,nn,,14.55,17,13.3,,,96.32374589,6.493600188,1.482577196,104.2999233,,,,,,,,,,,,92.35265268,6.225891625,1.421455692,100,
54,chaihuin,,,,18,WGS84,628104.4,5574865.2,,,70,nn,,26.2,12.75,2.46,,,359.34,34.35213092,11.54297811,405.235109,,,,,,,,,,,,88.67444898,8.47708655,2.848464473,100,
54,chaihuin,,,,18,WGS84,628104.4,5574865.2,,,93,nn,,36.2,21.13,13.5,,,591.0830338,68.41861467,15.52116689,675.0228153,,,,,,,,,,,,87.56489712,10.13574847,2.299354413,100,
54,chaihuin,,,,18,WGS84,628104.4,5574865.2,,,103,nn,,36.3,28.28,12.9,,,684.6870556,53.56753516,19.22394411,757.4785348,,,,,,,,,,,,90.39029148,7.071822196,2.537886319,100,
54,chaihuin,,,,18,WGS84,628104.4,5574865.2,,,10,nn,,28.7,17.02,10.7,,,453.6378099,97.03436287,10.56713832,561.2393111,,,,,,,,,,,,80.82787519,17.28930261,1.882822196,100,
54,chaihuin,,,,18,WGS84,628104.4,5574865.2,,,31,nn,,27.25,16.67,11.8,,,287.4636319,28.8053977,3.093258586,319.3622882,,,,,,,,,,,,90.01176486,9.019661606,0.968573529,100,
54,chaihuin,,,,18,WGS84,628104.4,5574865.2,,,61,nn,,25.3,18.27,9.2,,,284.08,20.04222,6.450035874,310.5722559,,,,,,,,,,,,91.46985754,6.453319516,2.076822946,100,
54,chaihuin,,,,18,WGS84,628104.4,5574865.2,,,89,nn,,20.75,18.92,4,,,226.6341242,27.08065479,4.686876898,258.4016559,,,,,,,,,,,,87.70614237,10.4800624,1.813795225,100,
54,chaihuin,,,,18,WGS84,628104.4,5574865.2,,,98,nn,,38.3,19.77,11,,,511.45,93.81601059,21.82901727,627.0950279,,,,,,,,,,,,81.5586119,14.96041372,3.480974382,100,
54,chaihuin,,,,18,WGS84,628104.4,5574865.2,,,114,nn,,12.6,17.35,14.4,,,71.82321944,2.681750015,0.911607555,75.41657701,,,,,,,,,,,,95.23532131,3.55591585,1.208762836,100,
54,chaihuin,,,,18,WGS84,628104.4,5574865.2,,,4,nn,,44,25.13,11,,,1134.992533,107.3874048,29.03835041,1271.418289,,,,,,,,,,,,89.26979764,8.446268691,2.283933672,100,
54,chaihuin,,,,18,WGS84,628104.4,5574865.2,,,24,nn,,28.7,23.6,18.3,,,528.8334116,39.82791855,14.43360972,583.0949399,,,,,,,,,,,,90.69422069,6.830434604,2.475344706,100,
54,chaihuin,,,,18,WGS84,628104.4,5574865.2,,,25,nn,,14.75,21.67,18,,,117.0770093,5.626557348,1.050386852,123.7539535,,,,,,,,,,,,94.6046619,4.546567756,0.84877034,100,
54,chaihuin,,,,18,WGS84,628104.4,5574865.2,,,27,nn,,26.75,23.4,15.1,,,325.8952554,33.20986487,4.627120217,363.7322405,,,,,,,,,,,,89.59757182,9.130305532,1.27212265,100,
54,chaihuin,,,,18,WGS84,628104.4,5574865.2,,,30,nn,,18.5,21.95,15.5,,,181.241473,7.818083367,1.825947817,190.8855042,,,,,,,,,,,,94.94774041,4.095692546,0.95656704,100,
54,chaihuin,,,,18,WGS84,628104.4,5574865.2,,,44,nn,,20.6,21.95,14.9,,,202.661938,6.296515863,2.812926033,211.7713799,,,,,,,,,,,,95.69845467,2.973261007,1.328284319,100,
54,chaihuin,,,,18,WGS84,628104.4,5574865.2,,,69,nn,,20.55,21.35,17.5,,,120.7078339,7.521700747,13.92869122,142.1582258,,,,,,,,,,,,84.91090344,5.291076688,9.798019873,100,
54,chaihuin,,,,18,WGS84,628104.4,5574865.2,,,74,nn,,34.15,22.22,13,,,669.92,88.68156,24.868008,783.469568,,,,,,,,,,,,85.50683107,11.31908164,3.174087293,100,
54,chaihuin,,,,18,WGS84,628104.4,5574865.2,,,100,nn,,14.95,22.72,17.4,,,104.3977223,3.4664082,0.978722204,108.8428527,,,,,,,,,,,,95.91601075,3.184782568,0.899206681,100,
54,chaihuin,,,,18,WGS84,628104.4,5574865.2,,,130,nn,,26.35,21.72,14.4,,,350.9743309,45.05386054,9.473623124,405.5018146,,,,,,,,,,,,86.55308516,11.11064339,2.33627145,100,
54,chaihuin,,,,18,WGS84,628104.4,5574865.2,,,44,nn,,19.45,18.64,6.2,,,179.4252327,28.19517489,10.32552157,217.9459292,,,,,,,,,,,,82.32557194,12.93677519,4.737652872,100,
54,chaihuin,,,,18,WGS84,628104.4,5574865.2,,,51,nn,,29.65,21.32,15.1,,,396.5114456,44.47170508,17.3124098,458.2955605,,,,,,,,,,,,86.51871844,9.703717189,3.77756437,100,
54,chaihuin,,,,18,WGS84,628104.4,5574865.2,,,56,nn,,18.6,20.15,15.6,,,153.2205705,8.605542417,6.991560283,168.8176732,,,,,,,,,,,,90.76097757,5.097536445,4.141485989,100,
54,chaihuin,,,,18,WGS84,628104.4,5574865.2,,,62,nn,,39.65,24.03,12,,,918.7278539,84.32204751,69.33218884,1072.38209,,,,,,,,,,,,85.67168943,7.86306003,6.465250536,100,
54,chaihuin,,,,18,WGS84,628104.4,5574865.2,,,68,nn,,30.9,22.86,13.8,,,328.6522018,65.51420657,16.64399747,410.8104059,,,,,,,,,,,,80.00094378,15.94755285,4.051503378,100,
54,chaihuin,,,,18,WGS84,628104.4,5574865.2,,,82,nn,,11.6,19.26,14.8,,,66.34339539,4.830059268,1.363952336,72.53740699,,,,,,,,,,,,91.46094152,6.658715093,1.880343388,100,
54,chaihuin,,,,18,WGS84,628104.4,5574865.2,,,87,nn,,20.1,21.65,16.4,,,226.2751162,28.37971131,6.688662732,261.3434903,,,,,,,,,,,,86.58150084,10.85916136,2.559337799,100,
54,chaihuin,,,,18,WGS84,628104.4,5574865.2,,,21,dw,,18.5,19.85,14.6,,,141.68,6.09606,4.999701274,152.7757613,,,,,,,,,,,,92.73722403,3.99020103,3.272574938,100,
54,chaihuin,,,,18,WGS84,628104.4,5574865.2,,,35,dw,,31.7,19.2,9.5,,,260.5124286,56.0430247,12.77140971,329.326863,,,,,,,,,,,,79.10451829,17.0174471,3.878034604,100,
54,chaihuin,,,,18,WGS84,628104.4,5574865.2,,,52,dw,,40.61,20.86,12.15,,,554.84,90.3474,18.44208,663.62948,,,,,,,,,,,,83.60689462,13.61413299,2.778972387,100,
54,chaihuin,,,,18,WGS84,628104.4,5574865.2,,,77,dw,,8.05,13.31,8.15,,,27.85822542,1.60096793,0.831715391,30.29090874,,,,,,,,,,,,91.96893252,5.285308352,2.745759126,100,
54,chaihuin,,,,18,WGS84,628104.4,5574865.2,,,82,dw,,13.65,14.25,5,,,55.15186751,19.14224781,2.678906781,76.9730221,,,,,,,,,,,,71.65090574,24.86877517,3.480319088,100,
54,chaihuin,,,,18,WGS84,628104.4,5574865.2,,,90,dw,,22.1,19.35,9.9,,,150.6751678,20.4709754,4.596047342,175.7421906,,,,,,,,,,,,85.73647986,11.64829876,2.615221381,100,
54,chaihuin,,,,18,WGS84,628104.4,5574865.2,,,7,dw,,13.5,16.75,12.1,,,50.29391175,5.272752974,0.990473691,56.55713841,,,,,,,,,,,,88.92584236,9.322877927,1.751279713,100,
54,chaihuin,,,,18,WGS84,628104.4,5574865.2,,,28,dw,,14.7,14.73,8.7,,,57.48720788,2.486258104,1.24436055,61.21782653,,,,,,,,,,,,93.90599297,4.061330244,2.032676789,100,
54,chaihuin,,,,18,WGS84,628104.4,5574865.2,,,43,dw,,44.8,21.06,8.9,,,548.6805481,31.47633,8.483022716,588.6399008,,,,,,,,,,,,93.21157933,5.347298061,1.441122612,100,
54,chaihuin,,,,18,WGS84,628104.4,5574865.2,,,46,dw,,6.35,6.6,5.5,,,7.256992037,0.824002436,1.080980497,9.16197497,,,,,,,,,,,,79.20772607,8.993720667,11.79855326,100,
54,chaihuin,,,,18,WGS84,628104.4,5574865.2,,,128,dw,,27.3,18.8,5,,,228.826334,32.85726862,5.304837463,266.9884401,,,,,,,,,,,,85.70645752,12.30662594,1.986916536,100,
54,chaihuin,,,,18,WGS84,628104.4,5574865.2,,,24,dw,,19.15,14.42,11.85,,,89.22283438,2.877633,0.753161753,92.85362913,,,,,,,,,,,,96.08976538,3.099106655,0.811127966,100,
54,chaihuin,,,,18,WGS84,628104.4,5574865.2,,,57,dw,,33.3,22.3,11.8,,,344.8857789,21.33788929,14.32969217,380.5533604,,,,,,,,,,,,90.62744278,5.607068944,3.765488277,100,
54,chaihuin,,,,18,WGS84,628104.4,5574865.2,,,60,dw,,7.55,11.46,5.3,,,16.69735139,0.926535714,0.357446284,17.98133339,,,,,,,,,,,,92.85936159,5.152764225,1.987874184,100,
54,chaihuin,,,,18,WGS84,628104.4,5574865.2,,,3,pn,,15.7,12.83,2.3,,,56.58168839,9.2526,2.683975,68.51826339,,,,,,,,,,,,82.57898783,13.50384488,3.917167288,100,
54,chaihuin,,,,18,WGS84,628104.4,5574865.2,,,4,pn,,46.55,21,10.5,,,878.6351466,260.2614,47.161275,1186.057822,,,,,,,,,,,,74.08029614,21.94339899,3.976304877,100,
54,chaihuin,,,,18,WGS84,628104.4,5574865.2,,,5,pn,,31.85,17.95,5.6,,,413.7418626,98.81033905,27.54509076,540.0972924,,,,,,,,,,,,76.60506142,18.29491472,5.100023856,100,
54,chaihuin,,,,18,WGS84,628104.4,5574865.2,,,115,pn,,13.75,14.17,5.95,,,62.79412352,8.975824789,2.90526036,74.67520866,,,,,,,,,,,,84.08965256,12.01981883,3.890528614,100,
54,chaihuin,,,,18,WGS84,628104.4,5574865.2,,,0,pn,,36.7,15.18,3.8,,,292.3325578,111.5253935,14.14515707,418.0031084,,,,,,,,,,,,69.93549854,26.68051775,3.383983705,100,
54,chaihuin,,,,18,WGS84,628104.4,5574865.2,,,8,pn,,17.95,13.5,5,,,79.63290231,24.3597926,2.482584211,106.4752791,,,,,,,,,,,,74.79003856,22.87835524,2.331606201,100,
54,chaihuin,,,,18,WGS84,628104.4,5574865.2,,,20,pn,,7.9,10.68,7.5,,,14.58,2.070426664,0.851919049,17.50234571,,,,,,,,,,,,83.3031197,11.82942388,4.867456412,100,
54,chaihuin,,,,18,WGS84,628104.4,5574865.2,,,27,pn,,12.5,14.25,6.65,,,46.89363144,15.78752806,3.470391163,66.15155066,,,,,,,,,,,,70.88818171,23.86569612,5.246122167,100,
54,chaihuin,,,,18,WGS84,628104.4,5574865.2,,,62,pn,,22.85,15.65,5.6,,,172.5900451,57.80253831,13.8943969,244.2869804,,,,,,,,,,,,70.65052951,23.66173515,5.687735334,100,
54,chaihuin,,,,18,WGS84,628104.4,5574865.2,,,97,pn,,55,19.1,3.7,,,889.7902289,159.1199017,34.88422826,1083.794359,,,,,,,,,,,,82.09954422,14.68174294,3.218712847,100,
54,chaihuin,,,,18,WGS84,628104.4,5574865.2,,,102,pn,,44.4,19.35,7.5,,,715.7730627,191.0494552,32.21425192,939.0367699,,,,,,,,,,,,76.2241784,20.34525818,3.430563419,100,
54,chaihuin,,,,18,WGS84,628104.4,5574865.2,,,111,pn,,31.1,17.6,5.4,,,339.935218,117.5227729,22.94218453,480.4001755,,,,,,,,,,,,70.76084385,24.46351582,4.77564033,100,
54,chaihuin,,,,18,WGS84,628104.4,5574865.2,,,9,pn,,9.7,10.75,2.8,,,28.13039735,5.012024172,2.359457856,35.50187938,,,,,,,,,,,,79.23636112,14.11763056,6.646008317,100,
54,chaihuin,,,,18,WGS84,628104.4,5574865.2,,,49,pn,,6.6,6.85,2.7,,,7.062357143,2.566379926,1.457015,11.08575207,,,,,,,,,,,,63.70661277,23.15025548,13.14313175,100,
54,chaihuin,,,,18,WGS84,628104.4,5574865.2,,,83,pn,,10.95,10.8,5.25,,,26.8474859,5.426270034,2.311377373,34.58513331,,,,,,,,,,,,77.62724423,15.68960277,6.683152996,100,
54,chaihuin,,,,18,WGS84,628104.4,5574865.2,,,1,pn,,6.2,6.57,3.7,,,7.451939538,2.410417683,1.237778439,11.10013566,,,,,,,,,,,,67.13376995,21.71520923,11.15102082,100,
54,chaihuin,,,,18,WGS84,628104.4,5574865.2,,,80,pn,,5,5.35,3.8,,,4.183891004,0.829308637,0.893593758,5.906793398,,,,,,,,,,,,70.83184939,14.0399127,15.12823791,100,
70,florDelLago,,,,18,WGS84,750692.4,5661488.5,,,150,nob,461.4,66,36.8,,165,2407,2572,630,72,3275,,,,,,,,,,,,,,,,
70,florDelLago,,,,18,WGS84,750692.4,5661488.5,,,151,nob,461.4,38.9,35.45,,57,633,690,125,8,823,,,,,,,,,,,,,,,,
70,florDelLago,,,,18,WGS84,750692.4,5661488.5,,,153,nob,461.4,58,39.3,,122,1754,1876,279,26,2180,,,,,,,,,,,,,,,,
70,florDelLago,,,,18,WGS84,750692.4,5661488.5,,,154,nob,461.4,28.8,26.3,,30,377,407,21,3,431,,,,,,,,,,,,,,,,
70,florDelLago,,,,18,WGS84,750692.4,5661488.5,,,155,nob,461.4,24.2,26.85,,21,249,270,11,2,283,,,,,,,,,,,,,,,,
70,florDelLago,,,,18,WGS84,750692.4,5661488.5,,,156,nob,461.4,17.4,22.55,,11,112,123,23,2,148,,,,,,,,,,,,,,,,
70,florDelLago,,,,18,WGS84,750692.4,5661488.5,,,158,nob,461.4,61.5,41.3,,124,3108,3232,560,43,3836,,,,,,,,,,,,,,,,
70,florDelLago,,,,18,WGS84,750692.4,5661488.5,,,160,nob,461.4,22.2,23.74,,17,219,236,17,3,254,,,,,,,,,,,,,,,,
54,jauja,,,,18,WGS84,722185.5,5781908.1,,,1,nob,461.4,16.25,18.45,13.2,,,118.0915699,5.976758,1.426824,125.4951519,,,,,,,,,,,,94.10050357,4.762540952,1.136955475,100,
54,jauja,,,,18,WGS84,722185.5,5781908.1,,,8,nob,461.4,22.05,14.1,9.9,,,179.064462,15.48697386,1.094385714,195.6458216,,,,,,,,,,,,91.52480772,7.915821424,0.55937086,100,
54,jauja,,,,18,WGS84,722185.5,5781908.1,,,12,nob,461.4,31.45,24.95,13.5,,,521.944035,38.022253,4.619671875,564.5859598,,,,,,,,,,,,92.44722187,6.734537467,0.818240658,100,
54,jauja,,,,18,WGS84,722185.5,5781908.1,,,26,nob,461.4,31.65,22.21,10.2,,,615.0444296,113.35886,4.75608,733.1593696,,,,,,,,,,,,83.88959551,15.46169424,0.648710253,100,
54,jauja,,,,18,WGS84,722185.5,5781908.1,,,35,nob,461.4,20.2,18.71,14,,,166.8995032,8.827358,1.426824,177.1536852,,,,,,,,,,,,94.21170269,4.982881385,0.80541593,100,
54,jauja,,,,18,WGS84,722185.5,5781908.1,,,38,nob,461.4,44.25,26.81,12,,,904.1733293,141.133206,9.987768,1055.294303,,,,,,,,,,,,85.67973185,13.3738243,0.946443847,100,
54,jauja,,,,18,WGS84,722185.5,5781908.1,,,53,nob,461.4,47.6,26.2,11.9,,,1155.018431,95.88815587,13.92852,1264.835107,,,,,,,,,,,,91.31770812,7.581079567,1.101212318,100,
54,jauja,,,,18,WGS84,722185.5,5781908.1,,,38,nob,461.4,15.4,17.48,12,,,61.8556,28.781558,1.426824,92.063982,,,,,,,,,,,,67.18762176,31.26256042,1.549817821,100,
54,jauja,,,,18,WGS84,722185.5,5781908.1,,,40,nob,461.4,23.35,22.3,12,,,261.9023123,14.329016,2.853648,279.0849763,,,,,,,,,,,,93.84321427,5.134284256,1.022501475,100,
54,jauja,,,,18,WGS84,722185.5,5781908.1,,,41,nob,461.4,32.6,20.96,11.7,,,461.6687511,43.039309,3.091452,507.7995121,,,,,,,,,,,,90.91555626,8.475649931,0.608793811,100,
54,jauja,,,,18,WGS84,722185.5,5781908.1,,,13,nob,461.4,51,24.8,12.5,,,1208.978312,221.3879265,17.72125427,1448.087493,,,,,,,,,,,,83.48793275,15.28829767,1.223769583,100,
54,jauja,,,,18,WGS84,722185.5,5781908.1,,,21,nob,461.4,44.95,26.78,13,,,1059.231401,149.1728366,9.545940128,1217.950178,,,,,,,,,,,,86.96836869,12.24786032,0.783770987,100,
54,jauja,,,,18,WGS84,722185.5,5781908.1,,,22,nob,461.4,72.35,26.4,9.7,,,2732.602076,289.1879264,15.6658551,3037.455857,,,,,,,,,,,,89.96351566,9.520728531,0.515755811,100,
54,jauja,,,,18,WGS84,722185.5,5781908.1,,,19,nob,461.4,42.3,26.76,15.8,,,1165.225265,142.241792,11.756592,1319.223649,,,,,,,,,,,,88.3265901,10.78223485,0.891175049,100,
54,jauja,,,,18,WGS84,722185.5,5781908.1,,,41,nob,461.4,33.1,24.45,14.5,,,558.2732,64.4336,6.123225,628.830025,,,,,,,,,,,,88.77966665,10.24658452,0.973748828,100,
54,jauja,,,,18,WGS84,722185.5,5781908.1,,,74,nob,461.4,5.95,8.58,3.4,,,13.09931977,2.5889248,0.2854125,15.97365707,,,,,,,,,,,,82.00576557,16.20746451,1.786769922,100,
54,jauja,,,,18,WGS84,722185.5,5781908.1,,,94,nob,461.4,33.7,24.62,14.4,,,641.3922551,55.844096,5.878296,703.1146471,,,,,,,,,,,,91.22157499,7.942388376,0.83603663,100,
54,jauja,,,,18,WGS84,722185.5,5781908.1,,,18,nob,461.4,43.25,27.95,18.4,,,865.2983311,67.37847306,7.741051462,940.4178557,,,,,,,,,,,,92.01211205,7.164737745,0.8231502,100,
54,jauja,,,,18,WGS84,722185.5,5781908.1,,,19,nob,461.4,5.3,7,2.1,,,12.0234127,1.039808,0.526366791,13.58958749,,,,,,,,,,,,88.47518519,7.651505248,3.873309557,100,
54,jauja,,,,18,WGS84,722185.5,5781908.1,,,22,nob,461.4,9.1,9.92,1.6,,,20.88147773,5.36858534,1.971916762,28.22197984,,,,,,,,,,,,73.99012349,19.02270986,6.987166648,100,
54,jauja,,,,18,WGS84,722185.5,5781908.1,,,33,nal,506.7,13.6,13.47,9,,,62.3426666,1.9512306,0.82922295,65.12312015,,,,,,,,,,,,95.73046632,2.996217926,1.273315757,100,
54,jauja,,,,18,WGS84,722185.5,5781908.1,,,37,nal,506.7,22.25,16.74,8.8,,,122.0057518,13.095302,2.7640765,137.8651303,,,,,,,,,,,,88.49645413,9.498632447,2.004913421,100,
54,jauja,,,,18,WGS84,722185.5,5781908.1,,,48,nal,506.7,27.4,17.7,17,,,285.7471895,18.4537122,3.04048415,307.2413858,,,,,,,,,,,,93.00413377,6.006258613,0.989607615,100,
54,jauja,,,,18,WGS84,722185.5,5781908.1,,,49,nal,506.7,39.5,25.2,5.2,,,809.9988,85.9631366,9.12145245,905.0833891,,,,,,,,,,,,89.49438359,9.497813974,1.007802437,100,
54,jauja,,,,18,WGS84,722185.5,5781908.1,,,17,nal,506.7,37.5,23.54,9.95,,,656.1939552,80.11591402,8.555085136,744.8649544,,,,,,,,,,,,88.09569458,10.75576365,1.148541771,100,
54,jauja,,,,18,WGS84,722185.5,5781908.1,,,42,nal,506.7,29.1,21,10.2,,,351.4287316,22.982102,2.7640765,377.1749101,,,,,,,,,,,,93.1739419,6.093221311,0.732836789,100,
54,jauja,,,,18,WGS84,722185.5,5781908.1,,,49,nal,506.7,50.35,23.15,8.1,,,881.5182464,222.2225364,11.9436694,1115.684452,,,,,,,,,,,,79.01143058,19.91804546,1.070523962,100,
54,jauja,,,,18,WGS84,722185.5,5781908.1,,,51,nal,506.7,24.3,21.49,11.5,,,280.407578,28.35183334,3.357615207,312.1170265,,,,,,,,,,,,89.84052588,9.083718903,1.075755221,100,
54,jauja,,,,18,WGS84,722185.5,5781908.1,,,7,nal,506.7,24.2,17.67,7.1,,,215.6970418,61.413506,8.2922295,285.4027773,,,,,,,,,,,,75.57636399,21.51818794,2.905448075,100,
54,jauja,,,,18,WGS84,722185.5,5781908.1,,,51,nal,506.7,35.9,24.58,12.5,,,616.3435551,73.4746958,8.01582185,697.8340728,,,,,,,,,,,,88.32236475,10.52896364,1.148671606,100,
54,jauja,,,,18,WGS84,722185.5,5781908.1,,,53,nal,506.7,48.5,24.4,11.6,,,871.4921898,149.6021975,14.99818447,1036.092572,,,,,,,,,,,,84.11335179,14.43907635,1.447571856,100,
54,jauja,,,,18,WGS84,722185.5,5781908.1,,,1,nal,506.7,24.25,21.15,10,,,252.6669,24.970716,4.285316,281.922932,,,,,,,,,,,,89.62268454,8.857284444,1.520031013,100,
54,jauja,,,,18,WGS84,722185.5,5781908.1,,,2,nal,506.7,11.15,13.42,2.15,,,36.37304066,4.328865,1.703265,42.40517066,,,,,,,,,,,,85.77501303,10.20834236,4.016644606,100,
54,jauja,,,,18,WGS84,722185.5,5781908.1,,,3,nal,506.7,11,9.38,4.15,,,31.65176098,6.53127,1.53047,39.71350098,,,,,,,,,,,,79.70025356,16.44596885,3.853777587,100,
54,jauja,,,,18,WGS84,722185.5,5781908.1,,,4,nal,506.7,5.45,5.75,2.1,,,4.969128989,1.989759,0.281409,7.240296989,,,,,,,,,,,,68.631563,27.4817318,3.886705206,100,
54,jauja,,,,18,WGS84,722185.5,5781908.1,,,5,nal,506.7,6.7,7.35,2.9,,,12.49022031,3.9866062,0.7040162,17.18084271,,,,,,,,,,,,72.69853126,23.20378731,4.097681424,100,
54,jauja,,,,18,WGS84,722185.5,5781908.1,,,6,nal,506.7,18.45,20.6,6,,,153.4318411,15.664922,3.979222,173.0759851,,,,,,,,,,,,88.64998862,9.050892873,2.299118504,100,
54,jauja,,,,18,WGS84,722185.5,5781908.1,,,7,nal,506.7,17.35,17.31,3.25,,,110.6632073,14.966228,3.673128,129.3025633,,,,,,,,,,,,85.58469723,11.57457951,2.840723266,100,
54,jauja,,,,18,WGS84,722185.5,5781908.1,,,8,nal,506.7,25.5,23.26,7.7,,,275.1654287,28.008516,4.285316,307.4592607,,,,,,,,,,,,89.49654926,9.109667388,1.393783355,100,
54,jauja,,,,18,WGS84,722185.5,5781908.1,,,9,nal,506.7,33.4,23.93,14.7,,,464.5521043,57.829586,5.815786,528.1974763,,,,,,,,,,,,87.9504589,10.94847829,1.101062815,100,
54,jauja,,,,18,WGS84,722185.5,5781908.1,,,20,nal,506.7,40.65,27.9,12.4,,,844.3977758,111.5623569,11.35728531,967.3174181,,,,,,,,,,,,87.29272936,11.53316945,1.174101189,100,
54,jauja,,,,18,WGS84,722185.5,5781908.1,,,31,nal,506.7,64.5,27.48,10.4,,,1798.105352,386.4576886,36.11149986,2220.674541,,,,,,,,,,,,80.97113374,17.40271622,1.626150037,100,
54,jauja,,,,18,WGS84,722185.5,5781908.1,,,37,nal,506.7,47,28,15.5,,,1101.241217,168.5309167,23.74503184,1293.517166,,,,,,,,,,,,85.13541578,13.02888908,1.835695147,100,
54,jauja,,,,18,WGS84,722185.5,5781908.1,,,42,nal,506.7,27.45,26.65,18.6,,,416.9432194,30.54312792,4.624518416,452.1108658,,,,,,,,,,,,92.22145518,6.755672167,1.022872655,100,
54,jauja,,,,18,WGS84,722185.5,5781908.1,,,48,nal,506.7,10.45,14.35,3.1,,,34.67950931,150.9520397,1.2524868,40.40465031,,,,,,,,,,,,85.83048992,373.6006586,3.099858037,100,
54,jauja,,,,18,WGS84,722185.5,5781908.1,,,75,nal,506.7,30.5,22.16,8.65,,,471.9627,25.502331,3.349674,500.814705,,,,,,,,,,,,94.23898605,5.092168969,0.668844977,100,
54,jauja,,,,18,WGS84,722185.5,5781908.1,,,82,nal,506.7,25.45,21.23,5.5,,,259.1837717,39.430644,7.573176,306.1875917,,,,,,,,,,,,84.64868555,12.87793662,2.473377827,100,
54,jauja,,,,18,WGS84,722185.5,5781908.1,,,85,nal,506.7,29.1,24.7,10.35,,,352.0628175,28.75902526,9.074923483,389.8967662,,,,,,,,,,,,90.29641895,7.376061498,2.327519556,100,
54,jauja,,,,18,WGS84,722185.5,5781908.1,,,107,nal,506.7,4.9,7,1.52,,,7.15095,1.2480295,0.509733,8.9087125,,,,,,,,,,,,80.2691747,14.00908942,5.721735885,100,
54,jauja,,,,18,WGS84,722185.5,5781908.1,,,108,nal,506.7,7.6,8.36,2.9,,,12.75965888,2.263460939,0.724710467,15.74783029,,,,,,,,,,,,81.02486913,14.3731606,4.601970262,100,
54,jauja,,,,18,WGS84,722185.5,5781908.1,,,10,nal,506.7,5.65,6.87,1.65,,,4.071755289,1.544215,0.72819,6.344160289,,,,,,,,,,,,64.18115406,24.34073116,11.47811478,100,
54,jauja,,,,18,WGS84,722185.5,5781908.1,,,38,nal,506.7,40.6,26.5,13.8,,,761.1060655,70.86226415,16.81979798,848.7881276,,,,,,,,,,,,89.66973509,8.348639884,1.981625029,100,
54,jauja,,,,18,WGS84,722185.5,5781908.1,,,44,nal,506.7,32.75,24.52,6.8,,,456.0717,56.786608,9.320832,522.17914,,,,,,,,,,,,87.34008409,10.87492848,1.784987428,100,
54,jauja,,,,18,WGS84,722185.5,5781908.1,,,11,nal,506.7,65.5,29.24,8.3,,,2182.117216,254.2582321,35.68364153,2472.059089,,,,,,,,,,,,88.27124016,10.28528133,1.443478503,100,
54,jauja,,,,18,WGS84,722185.5,5781908.1,,,15,nal,506.7,19.6,17.97,9.9,,,154.1960089,19.83301224,7.068027018,181.0970482,,,,,,,,,,,,85.14551202,10.95159332,3.902894658,100,
54,jauja,,,,18,WGS84,722185.5,5781908.1,,,29,nal,506.7,25.75,22.1,7.1,,,306.8145309,101.86756,8.657170732,417.3392616,,,,,,,,,,,,73.51681452,24.40881301,2.074372466,100,
54,jauja,,,,18,WGS84,722185.5,5781908.1,,,32,nal,506.7,34.55,23.6,8,,,569.9572,127.79012,20.82172214,718.5690421,,,,,,,,,,,,79.31836283,17.78397238,2.897664792,100,
54,jauja,,,,18,WGS84,722185.5,5781908.1,,,17,ga,,13.5,10.78,5.1,,,38.76189992,5.00072868,2.02914586,45.79177446,,,,,,,,,,,,84.64817181,10.92058288,4.431245315,100,
54,jauja,,,,18,WGS84,722185.5,5781908.1,,,21,ga,,7.35,9.6,4.2,,,14.82809864,1.697072648,1.486561584,18.01173287,,,,,,,,,,,,82.3246644,9.422039845,8.253295751,100,
54,jauja,,,,18,WGS84,722185.5,5781908.1,,,28,ga,,5.85,5.58,1.5,,,5.873258929,2.11192248,0.57975596,8.564937369,,,,,,,,,,,,68.5732852,24.6577691,6.768945703,100,
54,jauja,,,,18,WGS84,722185.5,5781908.1,,,34,ga,,8.9,10.18,3.7,,,16.32147411,3.725732712,1.101536324,21.14874315,,,,,,,,,,,,77.17467652,17.61680439,5.20851909,100,
54,jauja,,,,18,WGS84,722185.5,5781908.1,,,9,ga,,22.3,14.39,5.2,,,167.4081375,39.92740464,10.43560728,217.7711494,,,,,,,,,,,,76.87342329,18.33457037,4.792006337,100,
54,jauja,,,,18,WGS84,722185.5,5781908.1,,,31,ga,,16.55,14.15,4.2,,,65.4994806,8.76597984,4.63804768,78.90350812,,,,,,,,,,,,83.01212729,11.10974664,5.878126068,100,
54,jauja,,,,18,WGS84,722185.5,5781908.1,,,25,ga,,5.15,4.93,2,,,2.718784556,0.674964875,0.614590375,4.008339806,,,,,,,,,,,,67.8281954,16.83901335,15.33279125,100,
54,jauja,,,,18,WGS84,722185.5,5781908.1,,,37,ga,,5.9,6.38,2.7,,,6.402735796,0.557697232,0.795939285,7.756372313,,,,,,,,,,,,82.54807193,7.190181305,10.26174676,100,
54,jauja,,,,18,WGS84,722185.5,5781908.1,,,13,ga,,7.85,6.38,2.1,,,7.322891933,1.358097,1.735314,10.41630293,,,,,,,,,,,,70.3022174,13.03818647,16.65959613,100,
54,jauja,,,,18,WGS84,722185.5,5781908.1,,,18,ga,,26.3,12.06,2.4,,,132.2380191,63.19834294,14.25461538,209.6909774,,,,,,,,,,,,63.06328519,30.13879935,6.797915465,100,
54,jauja,,,,18,WGS84,722185.5,5781908.1,,,19,ga,,5.8,6.8,3,,,8.198181818,2.220240157,0.743389919,11.16181189,,,,,,,,,,,,73.44848575,19.89139558,6.660118676,100,
70,laFusta,,,,19,WGS84,287490.3,5727624.3,,,2,aa,,113.7,27.35,,734,7216,7950,1833,857,10640,,,,,,,,,,,,,,,,503
70,laFusta,,,,19,WGS84,287490.3,5727624.3,,,3,aa,,87.6,23.14,,257,3327,3584,794,588,4966,,,,,,,,,,,,,,,,538
70,laFusta,,,,19,WGS84,287490.3,5727624.3,,,4,aa,,94.7,21.95,,323,4162,4485,1611,981,7077,,,,,,,,,,,,,,,,522
70,laFusta,,,,19,WGS84,287490.3,5727624.3,,,6,aa,,126.4,24.76,,493,8264,8757,2886,1278,12921,,,,,,,,,,,,,,,,458
70,laFusta,,,,19,WGS84,287490.3,5727624.3,,,10,aa,,75.5,26.45,,329,2808,3137,296,225,3658,,,,,,,,,,,,,,,,462
70,laFusta,,,,19,WGS84,287490.3,5727624.3,,,11,aa,,94.2,24.4,,431,3150,3581,282,388,4251,,,,,,,,,,,,,,,,571
70,laFusta,,,,19,WGS84,287490.3,5727624.3,,,12,aa,,76.2,21.22,,228,2657,2885,441,607,3933,,,,,,,,,,,,,,,,556
70,laFusta,,,,19,WGS84,287490.3,5727624.3,,,13,aa,,72.2,15.5,,137,1380,1517,641,491,2650,,,,,,,,,,,,,,,,520
70,laFusta,,,,19,WGS84,287490.3,5727624.3,,,14,aa,,25,6.9,,10,95,105,46,64,215,,,,,,,,,,,,,,,,573
70,laFusta,,,,19,WGS84,287490.3,5727624.3,,,15,aa,,10,3.68,,2,13,15,9,12,36,,,,,,,,,,,,,,,,576
70,laFusta,,,,19,WGS84,287490.3,5727624.3,,,16,aa,,70.4,17.3,,158,1359,1517,183,252,1952,,,,,,,,,,,,,,,,551
70,laFusta,,,,19,WGS84,287490.3,5727624.3,,,17,aa,,82.8,23.19,,343,2572,2915,571,513,3999,,,,,,,,,,,,,,,,513
70,laFusta,,,,19,WGS84,287490.3,5727624.3,,,18,aa,,29.1,9.71,,15,196,211,68,94,373,,,,,,,,,,,,,,,,551
70,laFusta,,,,19,WGS84,287490.3,5727624.3,,,19,aa,,10,3.23,,2,10,12,5,7,24,,,,,,,,,,,,,,,,592
70,laFusta,,,,19,WGS84,287490.3,5727624.3,,,20,aa,,14,4.55,,3,26,29,10,14,54,,,,,,,,,,,,,,,,595
70,laFusta,,,,19,WGS84,287490.3,5727624.3,,,21,aa,,28,8.26,,11,150,161,43,60,265,,,,,,,,,,,,,,,,585
70,laFusta,,,,19,WGS84,287490.3,5727624.3,,,22,aa,,22.8,7.15,,8,88,96,45,61,202,,,,,,,,,,,,,,,,557
70,laFusta,,,,19,WGS84,287490.3,5727624.3,,,23,aa,,47.5,11.3,,38,467,505,261,350,1116,,,,,,,,,,,,,,,,503
70,laFusta,,,,19,WGS84,287490.3,5727624.3,,,24,aa,,11.5,4.08,,2,17,19,11,15,44,,,,,,,,,,,,,,,,548
70,laFusta,,,,19,WGS84,287490.3,5727624.3,,,25,aa,,49.2,14.2,,60,749,809,259,356,1424,,,,,,,,,,,,,,,,530
70,laFusta,,,,19,WGS84,287490.3,5727624.3,,,26,aa,,47.4,16.55,,66,740,806,181,249,1237,,,,,,,,,,,,,,,,546
70,laFusta,,,,19,WGS84,287490.3,5727624.3,,,27,aa,,23,7.41,,7,83,90,41,57,188,,,,,,,,,,,,,,,,558
70,laFusta,,,,19,WGS84,287490.3,5727624.3,,,28,aa,,99,29.45,,449,4833,5282,1175,818,7275,,,,,,,,,,,,,,,,512
70,laFusta,,,,19,WGS84,287490.3,5727624.3,,,29,aa,,48.8,14.05,,67,619,686,186,255,1126,,,,,,,,,,,,,,,,513
70,laFusta,,,,19,WGS84,287490.3,5727624.3,,,32,aa,,26,8.2,,11,124,135,63,86,284,,,,,,,,,,,,,,,,564
70,laFusta,,,,19,WGS84,287490.3,5727624.3,,,33,aa,,22.3,6.76,,10,69,79,25,34,137,,,,,,,,,,,,,,,,511
70,laFusta,,,,19,WGS84,287490.3,5727624.3,,,34,aa,,73.3,20.7,,144,2532,2676,706,592,3975,,,,,,,,,,,,,,,,526
70,laFusta,,,,19,WGS84,287490.3,5727624.3,,,35,aa,,44.6,12.75,,51,542,593,152,209,954,,,,,,,,,,,,,,,,533
70,laFusta,,,,19,WGS84,287490.3,5727624.3,,,36,aa,,14.1,6.1,,2,40,42,14,19,75,,,,,,,,,,,,,,,,560
70,laFusta,,,,19,WGS84,287490.3,5727624.3,,,39,aa,,70,18.56,,172,1692,1864,285,392,2542,,,,,,,,,,,,,,,,546
70,laFusta,,,,19,WGS84,287490.3,5727624.3,,,40,aa,,26.1,8.64,,16,105,121,20,28,168,,,,,,,,,,,,,,,,547
70,laFusta,,,,19,WGS84,287490.3,5727624.3,,,42,aa,,10.1,3.4,,1,12,13,6,8,26,,,,,,,,,,,,,,,,570
70,laFusta,,,,19,WGS84,287490.3,5727624.3,,,43,aa,,24.5,7.88,,10,110,120,36,49,206,,,,,,,,,,,,,,,,581
70,laFusta,,,,19,WGS84,287490.3,5727624.3,,,44,aa,,54.3,14.04,,83,750,833,254,350,1437,,,,,,,,,,,,,,,,525
70,laFusta,,,,19,WGS84,287490.3,5727624.3,,,45,aa,,48.6,11.6,,37,572,609,268,369,1246,,,,,,,,,,,,,,,,522
70,laFusta,,,,19,WGS84,287490.3,5727624.3,,,46,aa,,105.5,20.85,,389,3617,4006,1660,1139,6806,,,,,,,,,,,,,,,,579
70,laFusta     ,,,,19,WGS84,287490.3,5727624.3,,,50,nob,461.4,42,17.3,,37,605,642,141,9,792,,,,,,,,,,,,,,,,
70,laFusta     ,,,,19,WGS84,287490.3,5727624.3,,,51,nob,461.4,46,20.5,,55,684,739,287,24,1049,,,,,,,,,,,,,,,,
70,laFusta     ,,,,19,WGS84,287490.3,5727624.3,,,52,nob,461.4,34,14.98,,20,233,253,129,17,399,,,,,,,,,,,,,,,,
70,laFusta     ,,,,19,WGS84,287490.3,5727624.3,,,53,nob,461.4,10.1,6.9,,1,16,17,5,5,27,,,,,,,,,,,,,,,,
70,laFusta     ,,,,19,WGS84,287490.3,5727624.3,,,54,nob,461.4,17.4,17.5,,6,109,115,16,2,133,,,,,,,,,,,,,,,,
70,laFusta     ,,,,19,WGS84,287490.3,5727624.3,,,55,nob,461.4,26.9,16.8,,9,222,231,53,3,287,,,,,,,,,,,,,,,,
70,laFusta     ,,,,19,WGS84,287490.3,5727624.3,,,56,nob,461.4,15,11.96,,2,52,54,8,1,64,,,,,,,,,,,,,,,,
70,laFusta     ,,,,19,WGS84,287490.3,5727624.3,,,57,nob,461.4,32.7,19.5,,17,429,446,54,6,506,,,,,,,,,,,,,,,,
70,laFusta     ,,,,19,WGS84,287490.3,5727624.3,,,58,nob,461.4,43,19,,41,578,619,163,24,805,,,,,,,,,,,,,,,,
70,laFusta     ,,,,19,WGS84,287490.3,5727624.3,,,59,nob,461.4,21.3,10.7,,5,91,96,31,6,133,,,,,,,,,,,,,,,,
54,llancacura,,,,18,WGS84,631761.7,5539642.3,,,9,ec,,95,23.26,14,,,4481.969986,5.78131614,4.954639549,4492.705942,,,,,,,,,,,,99.76103587,0.128682273,0.110281857,100,
54,llancacura,,,,18,WGS84,631761.7,5539642.3,,,21,ec,,55.7,31.1,20,,,2186.905009,28.55309484,7.963373418,2223.421478,,,,,,,,,,,,98.35764525,1.284196232,0.358158518,100,
54,llancacura,,,,18,WGS84,631761.7,5539642.3,,,25,ec,,92,31.18,19,,,8074.068655,244.0116061,26.30960443,8344.389866,,,,,,,,,,,,96.76044366,2.924259413,0.315296922,100,
54,llancacura,,,,18,WGS84,631761.7,5539642.3,,,9,ec,,65.4,28.05,24.3,,,2685.676064,77.78239124,8.290300582,2771.748756,,,,,,,,,,,,96.89464308,2.806256919,0.299100002,100,
54,llancacura,,,,18,WGS84,631761.7,5539642.3,,,14,ec,,65.7,29.06,23.5,,,2285.941412,6.467048491,4.528978419,2296.937439,,,,,,,,,,,,99.52127443,0.28155092,0.197174653,100,
54,llancacura,,,,18,WGS84,631761.7,5539642.3,,,31,ec,,51.3,29.1,19.9,,,1530.949025,22.96068197,8.173576206,1562.083283,,,,,,,,,,,,98.00687591,1.46987566,0.523248427,100,
70,nonguen      ,,,,18,WGS84,656507.2,5788985.6,,,174,nob,461.4,50.5,24.7,,83,949,1032,192,8,1233,,,,,,,,,,,,,,,,
70,nonguen      ,,,,18,WGS84,656507.2,5788985.6,,,176,nob,461.4,64.5,24.79,,89,1327,1416,419,5,1840,,,,,,,,,,,,,,,,
70,nonguen      ,,,,18,WGS84,656507.2,5788985.6,,,178,nob,461.4,13.8,13.79,,5,53,58,10,1,69,,,,,,,,,,,,,,,,
70,nonguen      ,,,,18,WGS84,656507.2,5788985.6,,,179,nob,461.4,50,24.67,,85,798,883,211,2,1096,,,,,,,,,,,,,,,,
70,nonguen      ,,,,18,WGS84,656507.2,5788985.6,,,180,nob,461.4,18,13.1,,10,58,68,15,3,86,,,,,,,,,,,,,,,,
70,nonguen      ,,,,18,WGS84,656507.2,5788985.6,,,181,nob,461.4,27.6,19.4,,42,214,256,24,7,286,,,,,,,,,,,,,,,,
70,nonguen      ,,,,18,WGS84,656507.2,5788985.6,,,182,nob,461.4,19.9,13.2,,6,74,80,21,5,105,,,,,,,,,,,,,,,,
70,nonguen      ,,,,18,WGS84,656507.2,5788985.6,,,183,nob,461.4,11.2,13.95,,3,36,39,9,2,49,,,,,,,,,,,,,,,,
70,nonguen      ,,,,18,WGS84,656507.2,5788985.6,,,184,nob,461.4,11.9,10.65,,2,31,33,4,1,38,,,,,,,,,,,,,,,,
54,putraique,,,,18,WGS84,717891.6,5576528.6,,,16,nd,504.2,104.9,37.1,11.4,,,6227.793383,1321.916208,210.2273123,7759.936903,,,,,,,,,,,,80.25572193,17.03514119,2.709136877,100,
54,putraique,,,,18,WGS84,717891.6,5576528.6,,,17,lp,,7.8,9.22,5.8,,,18.74032706,1.491779377,1.099999003,21.33210544,,,,,,,,,,,,87.85033954,6.993118334,5.156542122,100,
54,putraique,,,,18,WGS84,717891.6,5576528.6,,,34,lp,,73.5,21.2,10.2,,,1496.611061,181.939982,40.69095605,1719.241999,,,,,,,,,,,,87.05063405,10.58256965,2.366796301,100,
54,putraique,,,,18,WGS84,717891.6,5576528.6,,,77,lp,,44.25,16.8,7,,,655.995329,125.8645355,26.86221745,808.7220819,,,,,,,,,,,,81.11505097,15.56338554,3.321563495,100,
54,putraique,,,,18,WGS84,717891.6,5576528.6,,,6,lp,,6.9,4.9,0.9,,,7.273260125,2.900067366,2.968505615,13.14183311,,,,,,,,,,,,55.34433489,22.06744936,22.58821574,100,
54,putraique,,,,18,WGS84,717891.6,5576528.6,,,10,lp,,32.5,15.1,7.2,,,305.5799054,28.400326,19.44132912,353.4215605,,,,,,,,,,,,86.46328904,8.035821572,5.500889388,100,
54,putraique,,,,18,WGS84,717891.6,5576528.6,,,11,lp,,30.45,12.45,7.5,,,191.0080663,113.5276337,15.09212892,319.6278289,,,,,,,,,,,,59.75952311,35.51869501,4.721781884,100,
54,putraique,,,,18,WGS84,717891.6,5576528.6,,,19,lp,,50,17.25,8.6,,,614.4475834,133.2527837,33.41986484,781.1202319,,,,,,,,,,,,78.66235674,17.05918989,4.278453364,100,
54,putraique,,,,18,WGS84,717891.6,5576528.6,,,24,lp,,6.25,3.26,1.9,,,6.445020535,3.148100706,1.634954167,11.22807541,,,,,,,,,,,,57.40093739,28.03775885,14.56130376,100,
54,putraique,,,,18,WGS84,717891.6,5576528.6,,,25,lp,,16.7,11.6,5.3,,,55.34911584,8.61169226,5.280785147,69.24159324,,,,,,,,,,,,79.9362251,12.43716653,7.626608371,100,
54,putraique,,,,18,WGS84,717891.6,5576528.6,,,5,lp,,59.7,22.26,4.45,,,1204.100285,219.0878468,42.28932087,1465.477453,,,,,,,,,,,,82.16436786,14.94992955,2.885702594,100,
54,putraique,,,,18,WGS84,717891.6,5576528.6,,,18,lp,,6.7,8.11,2.1,,,12.30231518,1.866184916,1.446709195,15.61520929,,,,,,,,,,,,78.78418374,11.95107207,9.264744191,100,
54,putraique,,,,18,WGS84,717891.6,5576528.6,,,37,lp,,7.85,6.88,2.2,,,13.96295404,3.28979407,1.916424469,19.16917258,,,,,,,,,,,,72.84067157,17.16189917,9.997429261,100,
54,putraique,,,,18,WGS84,717891.6,5576528.6,,,39,lp,,7.65,6.5,1.45,,,11.8497799,3.297451523,2.294706113,17.44193753,,,,,,,,,,,,67.93843789,18.90530519,13.15625691,100,
54,putraique,,,,18,WGS84,717891.6,5576528.6,,,40,lp,,17.2,9.67,3,,,69.06830177,15.92898118,8.394331072,93.39161403,,,,,,,,,,,,73.95557138,17.0561151,8.988313522,100,
54,putraique,,,,18,WGS84,717891.6,5576528.6,,,43,lp,,16.15,9.33,2.4,,,60.03405931,16.90995784,9.198310733,86.14232788,,,,,,,,,,,,69.69170765,19.63025409,10.67803826,100,
54,putraique,,,,18,WGS84,717891.6,5576528.6,,,62,lp,,11.8,9.32,2.6,,,29.25516922,7.351430945,5.939781782,42.54638195,,,,,,,,,,,,68.76065104,17.27862772,13.96072124,100,
54,putraique,,,,18,WGS84,717891.6,5576528.6,,,25,lp,,53.3,20.2,6.15,,,1035.912892,115.2198615,15.52819733,1166.660951,,,,,,,,,,,,88.79296863,9.876036509,1.330994863,100,
54,putraique,,,,18,WGS84,717891.6,5576528.6,,,2,lp,,14.5,9.7,4.5,,,45.33747094,8.846752847,2.289446687,56.47367048,,,,,,,,,,,,80.28072296,15.6652698,4.054007235,100,
54,putraique,,,,18,WGS84,717891.6,5576528.6,,,10,lp,,8.4,6.65,1.9,,,11.37748082,3.174015809,1.64245362,16.19395024,,,,,,,,,,,,70.25760018,19.60000964,10.14239018,100,
54,putraique,,,,18,WGS84,717891.6,5576528.6,,,27,lp,,11.3,11.85,5.65,,,35.11477767,3.58874739,2.32925162,41.03277668,,,,,,,,,,,,85.57738596,8.74605055,5.67656349,100,
54,putraique,,,,18,WGS84,717891.6,5576528.6,,,35,lp,,38.3,12.8,10.5,,,483.6460923,27.02875482,2.622893472,513.2977406,,,,,,,,,,,,94.22330434,5.265706953,0.510988704,100,
54,putraique,,,,18,WGS84,717891.6,5576528.6,,,38,lp,,36.3,12.26,5.9,,,419.1649076,43.07941785,8.947661558,471.1919871,,,,,,,,,,,,88.95841168,9.14264653,1.898941791,100,
54,putraique,,,,18,WGS84,717891.6,5576528.6,,,55,lp,,43.4,17.42,4.35,,,628.8104012,40.54401278,9.500694132,678.8551081,,,,,,,,,,,,92.62807242,5.972410357,1.399517219,100,
54,putraique,,,,18,WGS84,717891.6,5576528.6,,,61,lp,,35.7,14.94,8,,,402.6926601,139.1103127,16.1727368,557.9757096,,,,,,,,,,,,72.17028504,24.93124886,2.898466102,100,
54,putraique,,,,18,WGS84,717891.6,5576528.6,,,14,lp,,55.5,21.81,11.5,,,1346.614785,168.2322569,16.55565065,1531.402692,,,,,,,,,,,,87.93342153,10.98550093,1.081077547,100,
54,putraique,,,,18,WGS84,717891.6,5576528.6,,,41,lp,,54.9,24.9,6,,,1099.40127,157.0751152,43.72244457,1300.19883,,,,,,,,,,,,84.55639591,12.08085345,3.362750647,100,
54,putraique,,,,18,WGS84,717891.6,5576528.6,,,12,ec,,67.9,28.6,7.9,,,2525.98592,490.7409464,77.34574989,3094.072616,,,,,,,,,,,,81.63951637,15.86067967,2.499803963,100,
54,putraique,,,,18,WGS84,717891.6,5576528.6,,,22,ec,,46.35,19.5,8.5,,,1158.953231,354.0177749,61.77468772,1574.745694,,,,,,,,,,,,73.5962153,22.48094891,3.922835792,100,
54,putraique,,,,18,WGS84,717891.6,5576528.6,,,33,ec,,35.7,24.8,8.9,,,705.9506397,48.10313311,20.21490418,774.268677,,,,,,,,,,,,91.1764431,6.212718471,2.610838432,100,
54,putraique,,,,18,WGS84,717891.6,5576528.6,,,19,dw,,11.75,12.91,5,,,37.37556939,3.977447812,2.0213914,43.3744086,,,,,,,,,,,,86.16963457,9.17003353,4.660331898,100,
54,putraique,,,,18,WGS84,717891.6,5576528.6,,,20,dw,,6.05,7.6,4.6,,,13.36657479,0.709007648,0.481394965,14.55697741,,,,,,,,,,,,91.82246025,4.870569134,3.306970615,100,
54,putraique,,,,18,WGS84,717891.6,5576528.6,,,37,dw,,51.2,19.7,8.1,,,970.6059524,362.4451692,27.46601407,1360.517136,,,,,,,,,,,,71.34095756,26.64025022,2.018792219,100,
54,putraique,,,,18,WGS84,717891.6,5576528.6,,,39,dw,,49.9,25.5,8.4,,,1175.47,120.4053668,25.04099749,1320.916364,,,,,,,,,,,,88.98898006,9.11529072,1.89572922,100,
54,putraique,,,,18,WGS84,717891.6,5576528.6,,,14,dw,,20.8,16.62,8,,,113.6390733,19.40901344,4.566831025,137.6149178,,,,,,,,,,,,82.57758326,14.10385862,3.318558118,100,
54,putraique,,,,18,WGS84,717891.6,5576528.6,,,25,dw,,8.6,10.8,6.1,,,22.33282949,0.930361869,0.531770824,23.79496218,,,,,,,,,,,,93.85528465,3.909911106,2.234804241,100,
54,putraique,,,,18,WGS84,717891.6,5576528.6,,,31,dw,,38.55,17.9,6,,,376.7550543,125.9387423,23.75918455,526.4529812,,,,,,,,,,,,71.56480594,23.9221254,4.513068669,100,
54,putraique,,,,18,WGS84,717891.6,5576528.6,,,47,dw,,7.65,9.5,4.3,,,12.81296854,1.594702058,0.824553439,15.23222404,,,,,,,,,,,,84.11751632,10.46926604,5.413217643,100,
54,putraique,,,,18,WGS84,717891.6,5576528.6,,,70,dw,,17.7,15.15,9,,,93.30451889,10.5852938,4.209153509,108.0989662,,,,,,,,,,,,86.31397891,9.792224823,3.893796266,100,
54,putraique,,,,18,WGS84,717891.6,5576528.6,,,75,dw,,14.5,14.79,5.4,,,72.69942984,15.91505416,3.549392462,92.16387647,,,,,,,,,,,,78.88061205,17.26821264,3.851175317,100,
54,putraique,,,,18,WGS84,717891.6,5576528.6,,,1,dw,,8,8.59,4.72,,,13.74845712,1.850639423,0.750919607,16.35001615,,,,,,,,,,,,84.08833969,11.31888437,4.592775938,100,
54,putraique,,,,18,WGS84,717891.6,5576528.6,,,4,dw,,18.3,13.03,6.7,,,67.2086713,10.76817405,4.355422632,82.33226799,,,,,,,,,,,,81.6310214,13.07892315,5.290055453,100,
54,putraique,,,,18,WGS84,717891.6,5576528.6,,,13,dw,,8.4,6.48,2.3,,,10.48831166,3.098575416,1.377143558,14.96403063,,,,,,,,,,,,70.09015096,20.70682353,9.203025518,100,
54,putraique,,,,18,WGS84,717891.6,5576528.6,,,23,dw,,17.7,9.96,3.4,,,61.50504101,12.28213545,5.051598989,78.83877545,,,,,,,,,,,,78.01369397,15.57880039,6.407505647,100,
54,putraique,,,,18,WGS84,717891.6,5576528.6,,,53,dw,,25.2,15.3,5.4,,,168.844306,26.24042806,8.03683864,203.1215727,,,,,,,,,,,,83.12475319,12.91858256,3.956664245,100,
54,putraique,,,,18,WGS84,717891.6,5576528.6,,,54,dw,,15.65,9.52,3.7,,,41.8284076,8.553241732,3.454204602,53.83585393,,,,,,,,,,,,77.69619044,15.88763084,6.416178716,100,
54,putraique,,,,18,WGS84,717891.6,5576528.6,,,60,dw,,14.85,10.92,5.1,,,37.0441815,8.043654463,2.944089386,48.03192535,,,,,,,,,,,,77.12408202,16.74647519,6.129442791,100,
54,putraique,,,,18,WGS84,717891.6,5576528.6,,,64,dw,,6.1,6.64,3.3,,,9.486978712,1.028633868,0.657909629,11.17352221,,,,,,,,,,,,84.90589211,9.20599475,5.888113137,100,
54,putraique,,,,18,WGS84,717891.6,5576528.6,,,22,dw,,29.4,17.1,6.05,,,259.5912761,50.99916439,9.705879019,320.2963195,,,,,,,,,,,,81.04722417,15.92249467,3.030281158,100,
54,putraique,,,,18,WGS84,717891.6,5576528.6,,,31,dw,,35.8,19.37,7.85,,,356.4032353,30.09445088,9.890037349,396.3877235,,,,,,,,,,,,89.9127834,7.592175311,2.495041285,100,
54,putraique,,,,18,WGS84,717891.6,5576528.6,,,49,dw,,28.3,15.65,5.9,,,258.6739263,39.40591617,12.31562722,310.3954697,,,,,,,,,,,,83.33688844,12.69539024,3.967721319,100,
54,putraique,,,,18,WGS84,717891.6,5576528.6,,,67,dw,,25.4,14.75,5.1,,,136.1174524,31.32590539,9.971483366,177.4148412,,,,,,,,,,,,76.72269778,17.6568686,5.620433612,100,
54,putraique,,,,18,WGS84,717891.6,5576528.6,,,28,dw,,32.5,15.74,3.25,,,326.9979683,48.13597631,13.83777043,388.9717151,,,,,,,,,,,,84.06728707,12.37518679,3.557526138,100,
54,putraique,,,,18,WGS84,717891.6,5576528.6,,,30,dw,,22.3,15.4,7,,,202.1556863,15.12130952,5.926461305,223.2034571,,,,,,,,,,,,90.57014121,6.774675317,2.655183473,100,
54,putraique,,,,18,WGS84,717891.6,5576528.6,,,93,dw,,44.8,19.62,8.1,,,710.31922,110.1541061,12.31804411,832.7913702,,,,,,,,,,,,85.2937777,13.22709505,1.479127253,100,
54,putraique,,,,18,WGS84,717891.6,5576528.6,,,1,dw,,40.2,17.46,7,,,544.4999101,106.7404202,24.27929569,675.519626,,,,,,,,,,,,80.60460262,15.80123154,3.594165847,100,
54,putraique,,,,18,WGS84,717891.6,5576528.6,,,4,dw,,51.5,19.76,8.2,,,1523.427782,280.625852,29.63289871,1833.686533,,,,,,,,,,,,83.08005511,15.30391629,1.616028595,100,
54,putraique,,,,18,WGS84,717891.6,5576528.6,,,32,pn,,14.65,26,9.55,,,38.21842415,4.485918827,2.430441197,45.13478417,,,,,,,,,,,,84.67620894,9.938939354,5.384851709,100,
54,putraique,,,,18,WGS84,717891.6,5576528.6,,,40,pn,,7,7.31,4.2,,,8.468054156,1.878836691,1.078348969,11.42523982,,,,,,,,,,,,74.11708019,16.44461492,9.438304893,100,
54,putraique,,,,18,WGS84,717891.6,5576528.6,,,55,pn,,26.35,13.75,5,,,191.2096002,66.82495807,24.59552605,282.6300843,,,,,,,,,,,,67.65366138,23.64396495,8.702373673,100,
54,putraique,,,,18,WGS84,717891.6,5576528.6,,,60,pn,,14.85,13.2,6.5,,,56.46781,9.037780454,5.659402234,71.16499269,,,,,,,,,,,,79.34773527,12.69975604,7.952508699,100,
54,putraique,,,,18,WGS84,717891.6,5576528.6,,,34,pn,,22.6,12.55,2.9,,,103.4517027,57.21096392,23.50153036,184.164197,,,,,,,,,,,,56.17362354,31.06519337,12.76118309,100,
54,sanjuan,,,,18,WGS84,717891.6,5576528.6,,,40,nd,504.2,80,29.4,18,,,2809.007702,484.4219416,226.0697003,3519.499344,,,,,,,,,,,,79.81270708,13.76394465,6.423348273,100,
54,sanjuan,,,,18,WGS84,717891.6,5576528.6,,,39,nd,504.2,90.2,30.7,16.5,,,3335.937515,737.0972761,49.8224303,4122.857221,,,,,,,,,,,,80.9132438,17.87831197,1.208444232,100,
54,sanjuan,,,,18,WGS84,717891.6,5576528.6,,,13,nd,504.2,52,24.77,10.5,,,1457.170527,232.6873316,36.38482944,1726.242688,,,,,,,,,,,,84.41284283,13.47941012,2.107747055,100,
54,sanjuan,,,,18,WGS84,717891.6,5576528.6,,,37,nd,504.2,69.6,29.05,9,,,2695.040467,354.2562359,35.97124021,3085.267943,,,,,,,,,,,,87.35190968,11.48218704,1.165903282,100,
54,sanjuan,,,,18,WGS84,717891.6,5576528.6,,,100,nd,504.2,54.2,24.65,13.9,,,1101.526465,231.8103972,20.17798402,1353.514846,,,,,,,,,,,,81.38266588,17.12655002,1.490784093,100,
54,sanjuan,,,,18,WGS84,717891.6,5576528.6,,,2,nd,504.2,34.2,17.85,9.45,,,439.0034273,50.03361709,24.18043767,513.2174821,,,,,,,,,,,,85.53945309,9.749008723,4.711538191,100,
54,sanjuan,,,,18,WGS84,717891.6,5576528.6,,,8,nd,504.2,38.5,17.85,5.3,,,461.2127334,176.304588,53.51473967,691.032061,,,,,,,,,,,,66.74259552,25.51322839,7.744176094,100,
54,sanjuan,,,,18,WGS84,717891.6,5576528.6,,,17,nd,504.2,32.1,15.95,4.7,,,330.4251653,147.0525351,28.77560511,506.2533055,,,,,,,,,,,,65.26874229,29.04722468,5.684033033,100,
54,sanjuan,,,,18,WGS84,717891.6,5576528.6,,,31,nd,504.2,30.7,16.85,5.5,,,400.2391891,148.8855961,29.56103051,578.6858157,,,,,,,,,,,,69.16346975,25.72822628,5.108303971,100,
54,sanjuan,,,,18,WGS84,717891.6,5576528.6,,,34,nd,504.2,21.4,19.16,6.8,,,190.9481016,26.63817366,10.73649177,228.322767,,,,,,,,,,,,83.63077589,11.66689333,4.702330787,100,
54,sanjuan,,,,18,WGS84,717891.6,5576528.6,,,46,nd,504.2,30.7,16.3,6.45,,,304.5404323,36.87469796,13.36009682,354.7752271,,,,,,,,,,,,85.84038824,10.39381985,3.765791915,100,
54,sanjuan,,,,18,WGS84,717891.6,5576528.6,,,55,nd,504.2,23,13.4,3.7,,,121.8056302,55.61949711,17.26175155,194.6868789,,,,,,,,,,,,62.56488929,28.56869319,8.866417524,100,
54,sanjuan,,,,18,WGS84,717891.6,5576528.6,,,64,nd,504.2,41.3,17.23,3.45,,,469.5053065,198.3158994,85.42786221,753.2490682,,,,,,,,,,,,62.33068534,26.32806436,11.3412503,100,
54,sanjuan,,,,18,WGS84,717891.6,5576528.6,,,67,nd,504.2,23.9,11.26,4.15,,,85.34852119,24.39631871,11.24580273,120.9906426,,,,,,,,,,,,70.54142315,20.16380621,9.294770641,100,
54,sanjuan,,,,18,WGS84,717891.6,5576528.6,,,6,nd,504.2,7.7,9.35,8.5,,,12.47104589,0.642191978,0.300845052,13.41408292,,,,,,,,,,,,92.96979872,4.787446012,2.242755271,100,
54,sanjuan,,,,18,WGS84,717891.6,5576528.6,,,7,nd,504.2,10,13.3,10,,,30.25199019,1.776259323,1.042719526,33.07096904,,,,,,,,,,,,91.47597143,5.371053146,3.152975422,100,
54,sanjuan,,,,18,WGS84,717891.6,5576528.6,,,14,nd,504.2,6.3,8.74,6.25,,,7.901768484,3.396268509,4.384876095,15.68291309,,,,,,,,,,,,50.38457103,21.65585239,27.95957658,100,
54,sanjuan,,,,18,WGS84,717891.6,5576528.6,,,17,nd,504.2,19.3,15.5,7.4,,,128.3457786,23.32185414,7.102590753,158.7702235,,,,,,,,,,,,80.8374365,14.68906047,4.473503027,100,
54,sanjuan,,,,18,WGS84,717891.6,5576528.6,,,25,nd,504.2,11,15.42,8.44,,,48.42710835,4.045621378,2.373139011,54.84586874,,,,,,,,,,,,88.29672948,7.376346607,4.326923915,100,
54,sanjuan,,,,18,WGS84,717891.6,5576528.6,,,31,nd,504.2,13.2,14.88,8.1,,,49.44051014,4.697237478,1.684132146,55.82187977,,,,,,,,,,,,88.5683362,8.414688823,3.016974979,100,
54,sanjuan,,,,18,WGS84,717891.6,5576528.6,,,46,nd,504.2,15.1,13.45,8.15,,,70.60603556,11.03406592,3.33643172,84.97653321,,,,,,,,,,,,83.08886336,12.98483888,3.92629776,100,
54,sanjuan,,,,18,WGS84,717891.6,5576528.6,,,56,nd,504.2,11.7,12.76,6.8,,,36.84708191,5.950063419,3.381832374,46.17897771,,,,,,,,,,,,79.7918961,12.88478809,7.323315808,100,
54,sanjuan,,,,18,WGS84,717891.6,5576528.6,,,65,nd,504.2,9.9,12.37,8.9,,,27.34782442,2.517560443,2.087954456,31.95333932,,,,,,,,,,,,85.58674931,7.878864922,6.534385766,100,
54,sanjuan,,,,18,WGS84,717891.6,5576528.6,,,69,nd,504.2,13.4,15.42,10.25,,,66.46563164,7.645791466,3.6392911,77.7507142,,,,,,,,,,,,85.48555768,9.833725059,4.680717261,100,
54,sanjuan,,,,18,WGS84,717891.6,5576528.6,,,81,nd,504.2,13.7,13.77,7.15,,,54.9967294,5.941748671,2.721766059,63.66024413,,,,,,,,,,,,86.3910124,9.333531079,4.27545652,100,
54,sanjuan,,,,18,WGS84,717891.6,5576528.6,,,87,nd,504.2,6.3,7.28,5.45,,,7.14323644,0.714249447,0.400459057,8.257944944,,,,,,,,,,,,86.50138125,8.649239637,4.849379109,100,
54,sanjuan,,,,18,WGS84,717891.6,5576528.6,,,96,nd,504.2,5.8,6.86,5.35,,,5.264336377,0.081825039,0.166705011,5.512866427,,,,,,,,,,,,95.49181804,1.484255793,3.023926171,100,
54,sanjuan,,,,18,WGS84,717891.6,5576528.6,,,115,nd,504.2,17.8,15.08,8.4,,,100.5742359,17.2306809,7.012546599,124.8174634,,,,,,,,,,,,80.57705482,13.80470363,5.618241556,100,
54,sanjuan,,,,18,WGS84,717891.6,5576528.6,,,34,lp,,37,17.3,5.1,,,479.3703358,17.80471637,22.74726498,519.9223171,,,,,,,,,,,,92.20037686,3.424495504,4.375127636,100,
54,sanjuan,,,,18,WGS84,717891.6,5576528.6,,,35,lp,,42.2,19.5,8.9,,,679.4222307,102.167599,33.01073938,814.6005691,,,,,,,,,,,,83.4055679,12.54204856,4.05238354,100,
54,sanjuan,,,,18,WGS84,717891.6,5576528.6,,,3,dw,,18,16.23,9.2,,,112.8111718,9.461473973,3.512393677,125.7850394,,,,,,,,,,,,89.68568304,7.521939028,2.792377927,100,
54,sanjuan,,,,18,WGS84,717891.6,5576528.6,,,4,dw,,32,15.83,5.4,,,316.8125495,112.0544656,23.84322178,452.7102369,,,,,,,,,,,,69.98130894,24.75191779,5.266773277,100,
54,sanjuan,,,,18,WGS84,717891.6,5576528.6,,,2,pn,,15.2,7.46,3.7,,,44.05453347,31.27610861,8.014338141,83.34498023,,,,,,,,,,,,52.85805259,37.52608558,9.61586183,100,
54,sanjuan,,,,18,WGS84,717891.6,5576528.6,,,14,pn,,26.5,13.6,2.5,,,185.1270371,73.44383303,19.24055199,277.8114221,,,,,,,,,,,,66.63766223,26.4365779,6.92575987,100,
54,sanjuan,,,,18,WGS84,717891.6,5576528.6,,,18,pn,,7.5,6.05,2.6,,,7.958089653,3.781543611,1.409618893,13.14925216,,,,,,,,,,,,60.52123389,28.75862114,10.72014496,100,
54,sanjuan,,,,18,WGS84,717891.6,5576528.6,,,44,pn,,25.8,12.9,1.5,,,189.0134772,153.1218978,28.56577728,370.7011523,,,,,,,,,,,,50.9881008,41.30602154,7.705877661,100,
54,sanjuan,,,,18,WGS84,717891.6,5576528.6,,,14,pn,,6.4,4.98,1.3,,,5.283365831,2.157483958,1.250977836,8.691827624,,,,,,,,,,,,60.7854419,24.8219828,14.3925753,100,
54,sanjuan,,,,18,WGS84,717891.6,5576528.6,,,44,pn,,6.1,3.78,0.8,,,3.323221654,1.261368616,0.839037457,5.423627728,,,,,,,,,,,,61.27304124,23.25691732,15.47004145,100,
54,ultimaesperanza,,,,19,WGS84,313805,4226271,,,1,np,,39.5,16.7,6.7,,,401.1,85.7,3.4,490.3,,,,,,,,,,,,81.8070569,17.47909443,0.693452988,100,
54,ultimaesperanza,,,,19,WGS84,313805,4226271,,,2,np,,41.5,15.5,10,,,400.7,109.1,4.9,514.8,,,,,,,,,,,,77.83605284,21.19269619,0.951825952,100,
54,ultimaesperanza,,,,19,WGS84,313805,4226271,,,3,np,,52,19.1,11.3,,,876.4,325.8,6,1213.8,,,,,,,,,,,,72.20299885,26.84132477,0.494315373,100,
54,ultimaesperanza,,,,19,WGS84,313805,4226271,,,4,np,,62,18.7,8,,,891.5,284.9,10.3,1186.7,,,,,,,,,,,,75.12429426,24.00775259,0.867953147,100,
54,ultimaesperanza,,,,19,WGS84,313805,4226271,,,5,np,,48,18.9,13,,,708.9,235.7,12.5,957.2,,,,,,,,,,,,74.05975763,24.62390305,1.305892186,100,
54,ultimaesperanza,,,,19,WGS84,313805,4226271,,,6,np,,65,17.9,11.6,,,702.1,186.1,8.4,894.8,,,,,,,,,,,,78.46446133,20.79794367,0.938757264,100,
54,ultimaesperanza,,,,19,WGS84,313805,4226271,,,7,np,,71,19,9,,,1175.5,713.5,17.4,1906.4,,,,,,,,,,,,61.66072178,37.42656316,0.912715065,100,
54,ultimaesperanza,,,,19,WGS84,313805,4226271,,,8,np,,80.5,17.9,10,,,1895.5,445.3,12.8,2353.6,,,,,,,,,,,,80.53619986,18.91995241,0.543847723,100,
54,ultimaesperanza,,,,19,WGS84,313805,4226271,,,9,np,,100,22,10,,,2303,1020.7,25.5,3349.2,,,,,,,,,,,,68.7626896,30.47593455,0.761375851,100,
54,ultimaesperanza,,,,19,WGS84,313805,4226271,,,10,np,,17.8,16.9,12.1,,,90,6.6,0.9,97.5,,,,,,,,,,,,92.30769231,6.769230769,0.923076923,100,
54,ultimaesperanza,,,,19,WGS84,313805,4226271,,,11,np,,20.5,17.7,12.7,,,133,12.9,1.4,147.3,,,,,,,,,,,,90.29192125,8.757637475,0.950441276,100,
54,ultimaesperanza,,,,19,WGS84,313805,4226271,,,12,np,,26.1,18.7,13,,,177,28.4,2.1,207.6,,,,,,,,,,,,85.26011561,13.68015414,1.011560694,100,
54,ultimaesperanza,,,,19,WGS84,313805,4226271,,,13,np,,30.6,17.5,13.4,,,275,62.2,3.4,340.7,,,,,,,,,,,,80.71617259,18.25653067,0.997945407,100,
54,ultimaesperanza,,,,19,WGS84,313805,4226271,,,14,np,,30.7,17.9,11,,,271,47,3.2,321.3,,,,,,,,,,,,84.34484905,14.62807345,0.995953937,100,
54,ultimaesperanza,,,,19,WGS84,313805,4226271,,,15,np,,35.9,19.3,11,,,424,71.6,4.4,500,,,,,,,,,,,,84.8,14.32,0.88,100,
54,ultimaesperanza,,,,19,WGS84,313805,4226271,,,16,np,,36.8,18.7,14,,,454,34.7,2.8,491.4,,,,,,,,,,,,92.38909239,7.061457061,0.56980057,100,
54,ultimaesperanza,,,,19,WGS84,313805,4226271,,,17,np,,39.7,19,11,,,470,73.3,4.1,547.3,,,,,,,,,,,,85.87611913,13.39302028,0.749132103,100,
54,ultimaesperanza,,,,19,WGS84,313805,4226271,,,18,np,,40.5,18.1,9.4,,,504,147.3,6,657.2,,,,,,,,,,,,76.68898357,22.41326841,0.91296409,100,
54,ultimaesperanza,,,,19,WGS84,313805,4226271,,,19,np,,40,18.7,5.6,,,411,168.4,7.4,586.7,,,,,,,,,,,,70.05283791,28.70291461,1.261291972,100,
54,ultimaesperanza,,,,19,WGS84,313805,4226271,,,20,np,,51.5,18.9,10.6,,,700,141.8,5.7,847.5,,,,,,,,,,,,82.59587021,16.73156342,0.672566372,100,
54,ultimaesperanza,,,,19,WGS84,313805,4226271,,,21,np,,8,8.6,7.6,,,31.5,0.9,0.2,32.6,,,,,,,,,,,,96.62576687,2.760736196,0.613496933,100,
54,ultimaesperanza,,,,19,WGS84,313805,4226271,,,22,np,,14.6,13.6,9.2,,,57.3,5.8,0.7,63.8,,,,,,,,,,,,89.81191223,9.090909091,1.097178683,100,
54,ultimaesperanza,,,,19,WGS84,313805,4226271,,,23,np,,15.1,15.9,9.5,,,55.6,5.4,0.6,61.2,,,,,,,,,,,,90.8496732,8.823529412,0.980392157,100,
54,ultimaesperanza,,,,19,WGS84,313805,4226271,,,24,np,,16.5,16.1,11.7,,,73.1,5.9,0.8,79.8,,,,,,,,,,,,91.60401003,7.393483709,1.002506266,100,
54,ultimaesperanza,,,,19,WGS84,313805,4226271,,,25,np,,15.3,13.6,9.4,,,51.4,5.9,0.8,58.2,,,,,,,,,,,,88.3161512,10.13745704,1.374570447,100,
54,ultimaesperanza,,,,19,WGS84,313805,4226271,,,26,np,,22.6,16.1,11,,,145.8,13.9,1.3,161,,,,,,,,,,,,90.55900621,8.633540373,0.807453416,100,
54,ultimaesperanza,,,,19,WGS84,313805,4226271,,,27,np,,23,14.4,8.5,,,116.9,123.1,6.2,246.2,,,,,,,,,,,,47.48172218,50,2.518277823,100,
54,ultimaesperanza,,,,19,WGS84,313805,4226271,,,28,np,,22.8,15.3,6.6,,,125.5,26.7,2.2,154.5,,,,,,,,,,,,81.22977346,17.2815534,1.42394822,100,
54,ultimaesperanza,,,,19,WGS84,313805,4226271,,,29,np,,27.6,15.7,10.2,,,244.7,56.4,4.5,305.6,,,,,,,,,,,,80.07198953,18.45549738,1.472513089,100,
54,ultimaesperanza,,,,19,WGS84,313805,4226271,,,30,np,,25,15.9,9.4,,,138.4,27.4,2.5,168.4,,,,,,,,,,,,82.18527316,16.27078385,1.48456057,100,
54,ultimaesperanza,,,,19,WGS84,313805,4226271,,,31,np,,20.2,15.8,9.8,,,111.3,15.9,1.4,129,,,,,,,,,,,,86.27906977,12.3255814,1.085271318,100,
54,ultimaesperanza,,,,19,WGS84,313805,4226271,,,32,np,,32,16.9,6.1,,,138.7,47.6,3,189.3,,,,,,,,,,,,73.26994189,25.14527205,1.584786054,100,
54,ultimaesperanza,,,,19,WGS84,313805,4226271,,,33,np,,8.4,11,6.2,,,12.9,1.4,0.3,14.6,,,,,,,,,,,,88.35616438,9.589041096,2.054794521,100,
54,ultimaesperanza,,,,19,WGS84,313805,4226271,,,34,np,,12.9,12.5,7.4,,,35.1,2.7,0.5,38.3,,,,,,,,,,,,91.64490862,7.049608355,1.305483029,100,
54,ultimaesperanza,,,,19,WGS84,313805,4226271,,,35,np,,11,9.4,5.9,,,17.8,2.3,0.4,20.4,,,,,,,,,,,,87.25490196,11.2745098,1.960784314,100,
54,ultimaesperanza,,,,19,WGS84,313805,4226271,,,36,np,,16.4,14.8,9,,,68.9,8.9,1.3,79.1,,,,,,,,,,,,87.10493047,11.25158028,1.643489254,100,
54,ultimaesperanza,,,,19,WGS84,313805,4226271,,,37,np,,18.2,13.9,8.5,,,80.4,14.4,1.6,96.5,,,,,,,,,,,,83.31606218,14.92227979,1.658031088,100,
54,ultimaesperanza,,,,19,WGS84,313805,4226271,,,38,np,,17.5,15.2,8.8,,,77.2,9.9,1,88.1,,,,,,,,,,,,87.6276958,11.23723042,1.13507378,100,
54,ultimaesperanza,,,,19,WGS84,313805,4226271,,,39,np,,21.2,15,7.8,,,119.4,23.7,2.1,145.1,,,,,,,,,,,,82.28807719,16.33356306,1.447277739,100,
54,ultimaesperanza,,,,19,WGS84,313805,4226271,,,40,np,,23.6,14.1,7.3,,,120.4,27.6,2.6,150.6,,,,,,,,,,,,79.94687915,18.32669323,1.726427623,100,
54,ultimaesperanza,,,,19,WGS84,313805,4226271,,,41,np,,26.2,15.5,5.6,,,171.1,60.4,3.7,235,,,,,,,,,,,,72.80851064,25.70212766,1.574468085,100,
54,ultimaesperanza,,,,19,WGS84,313805,4226271,,,42,np,,30.1,19.4,12.1,,,190.1,36,2.9,229,,,,,,,,,,,,83.01310044,15.72052402,1.266375546,100,
70,v.Baviera     ,,,,19,WGS84,267633.4,5970323.1,,,162,nob,461.4,38.8,27,,52,825,877,216,3,1096,,,,,,,,,,,,,,,,
70,v.Baviera     ,,,,19,WGS84,267633.4,5970323.1,,,163,nob,461.4,39.4,23.41,,56,601,657,195,18,870,,,,,,,,,,,,,,,,
70,v.Baviera     ,,,,19,WGS84,267633.4,5970323.1,,,164,nob,461.4,22.3,20.11,,17,183,200,19,4,223,,,,,,,,,,,,,,,,
70,v.Baviera     ,,,,19,WGS84,267633.4,5970323.1,,,165,nob,461.4,32.2,22.12,,30,534,564,202,9,775,,,,,,,,,,,,,,,,
70,v.Baviera     ,,,,19,WGS84,267633.4,5970323.1,,,167,nob,461.4,22.3,23.7,,18,176,194,8,4,206,,,,,,,,,,,,,,,,
70,v.Baviera     ,,,,19,WGS84,267633.4,5970323.1,,,168,nob,461.4,15.5,19.74,,9,92,101,10,4,115,,,,,,,,,,,,,,,,
70,v.Baviera     ,,,,19,WGS84,267633.4,5970323.1,,,169,nob,461.4,16.5,22.12,,9,86,95,4,2,101,,,,,,,,,,,,,,,,
70,v.Baviera     ,,,,19,WGS84,267633.4,5970323.1,,,171,nob,461.4,44.2,21,,69,702,771,354,5,1131,,,,,,,,,,,,,,,,
70,v.Baviera     ,,,,19,WGS84,267633.4,5970323.1,,,173,nob,461.4,49.5,22.2,,53,740,793,197,2,992,,,,,,,,,,,,,,,,
